"ID","Population","Individual","State","Locality","Latitude","Longitude","Ecoregion","bio1","bio2","bio3","bio4","bio5","bio6","bio7","bio8","bio9","bio10","bio11","bio12","bio13","bio14","bio15","bio16","bio17","bio18","bio19","alt","Copia_mean","Gypsy_mean","Harbinger_mean","Helitron_mean","L1_mean","MSAT_mean","MuDR_mean","RTE_mean","SAT_mean","SINE2.tRNA_mean","hAT_mean","unclassified_mean","Copia_sd","Gypsy_sd","Harbinger_sd","Helitron_sd","L1_sd","MSAT_sd","MuDR_sd","RTE_sd","SAT_sd","SINE2.tRNA_sd","hAT_sd","unclassified_sd","X1_0_water","X1_1_soc","X1_2_ph","X1_3_bdens","X2_0_temp","X2_1_precip","X2_2_gfsad","gfsad_check","water","ag","Notes"
"JG_CO_011_L","p_011","L","AL","Dallas County",32.224783,-87.253796,8.3,178,131,41,6927,331,14,317,102,183,264,86,1371,163,67,22,423,252,326,400,59,0.0922558158662989,0.4931648380581,0.0168290794601522,0.00277207061344089,0.00457569614319449,4.11982463940997e-05,0.00619187206004959,7.30840554790863e-05,0.00134900763101104,0.000168992309066241,0.00536256897141089,0.0330255563945965,0.00308834829874645,0.0160268284801924,0.000784910584492026,0.000312587396739763,0.000405789028747457,2.52075342147019e-05,0.000496607536085351,4.34692953166949e-05,0.000166633760584645,7.35912995447343e-05,0.000484831371009804,0.00184531213843842,21.88146618,2.303872054,52.70867769,151.7914754,21.91177916,107.2363024,0,0,"rain","AG",""
"JG_CO_011_M","p_011","M","AL","Dallas County",32.224783,-87.253796,8.3,178,131,41,6927,331,14,317,102,183,264,86,1371,163,67,22,423,252,326,400,59,0.0931790524313156,0.505608488449526,0.0172261665294065,0.00278196949404863,0.00456966896298863,3.61729788915844e-05,0.00649431986004789,7.04466546781704e-05,0.00131971442071279,0.000173531847945431,0.00539292853920647,0.034920048587542,0.00166468130265513,0.00650050994072593,0.000863702869737623,0.000296613380903119,0.000440540054377815,2.66137240057504e-05,0.000538721303799959,4.74914423827293e-05,0.000170324037126598,7.8618509576185e-05,0.000368034118129748,0.0016269531546264,21.88146618,2.303872054,52.70867769,151.7914754,21.91177916,107.2363024,0,0,"rain","AG",""
"JG_CO_011_P","p_011","P","AL","Dallas County",32.224783,-87.253796,8.3,178,131,41,6927,331,14,317,102,183,264,86,1371,163,67,22,423,252,326,400,59,0.0936275259033563,0.507136288994689,0.016922400874354,0.00286767287013562,0.00466595349790529,4.17738151941102e-05,0.0066770875844535,9.45377620168986e-05,0.000880264029635716,0.000174877091371467,0.0052839403260477,0.0343655503483651,0.00228800923967687,0.00495578323679756,0.000791368561774929,0.000359608218547943,0.000356419005091136,2.36948865977026e-05,0.000546153306636026,4.87915025549435e-05,0.000177320064912731,7.49628672671054e-05,0.000357100404058774,0.00174801703864893,21.88146618,2.303872054,52.70867769,151.7914754,21.91177916,107.2363024,0,0,"rain","AG",""
"JG_CO_028_C","p_028","C","OH","Columbus",40.135364,-83.035222,8.2,106,121,32,9092,294,-79,373,199,-17,218,-17,950,104,52,21,303,179,290,179,242,0.0937271790115873,0.51061628358528,0.0168575003166092,0.00279519123054328,0.00451298449666336,5.03776267797958e-05,0.00634349433917099,7.90894093195179e-05,0.00108184556553391,0.000169274249655715,0.00535318568686548,0.0342101229814351,0.00297285140062751,0.0114225119868777,0.000977661932796245,0.000443375784380664,0.000466595303238458,2.77116933716776e-05,0.000463466270294149,5.44674427524795e-05,0.00021557377187546,8.82674883199083e-05,0.000457504335403101,0.0018742915379584,21.70815184,3.336375579,59.32821683,151.7779161,17.61024096,81.97790915,0,0,"rain","NOAG",""
"JG_CO_028_F","p_028","F","OH","Columbus",40.135364,-83.035222,8.2,106,121,32,9092,294,-79,373,199,-17,218,-17,950,104,52,21,303,179,290,179,242,0.0809250068076432,0.415313767150251,0.0192711254982833,0.00283070284609902,0.00450718122863702,6.04168958136853e-05,0.00527382753079597,0.000106451446605232,0.00113581206818512,0.000206858958815988,0.00545749814445402,0.0378039631495726,0.00204712181023109,0.00572704464501386,0.000871065502371932,0.000280064961169423,0.000389377790822326,2.51348797832425e-05,0.000455827127805779,5.63736076350742e-05,0.000160715123547856,7.20231429067632e-05,0.000354310329911305,0.00173025743936874,21.70815184,3.336375579,59.32821683,151.7779161,17.61024096,81.97790915,0,0,"rain","NOAG",""
"JG_CO_045_A","p_045","A","MS","Lowndes County",33.482316,-88.499401,8.3,168,129,39,7457,329,0,329,123,222,261,70,1407,154,81,21,431,254,302,406,71,0.107691076551011,0.505298420205936,0.0145653703203598,0.00267398869048217,0.00442584615433457,4.10831234643022e-05,0.00635033644383284,0.000104390177991476,0.000776077545058426,0.000165829696742473,0.00499270175735413,0.0352434882607569,0.00213706038804954,0.0144455179129974,0.000792428539391818,0.000291341470555271,0.000409140879726728,2.50448161606284e-05,0.000563450282861409,5.38814768312302e-05,0.000161128476931271,7.4358812138267e-05,0.000416510074243724,0.00171963302956405,24.41363191,4.424715374,57.92942773,158.9837895,23.69137902,112.9927807,3,3,"rain","AG",""
"JG_CO_045_C","p_045","C","MS","Lowndes County",33.482316,-88.499401,8.3,168,129,39,7457,329,0,329,123,222,261,70,1407,154,81,21,431,254,302,406,71,0.0844661780374682,0.465913738695915,0.0167196327219547,0.00266692411461317,0.0039658774155928,5.01103431853475e-05,0.00639082691945342,8.24690622339299e-05,0.00127342500791213,0.00014547330214909,0.00504777056533935,0.0329976468309984,0.00584270904847834,0.0277350395017411,0.00151484295237963,0.000276676894643657,0.00042073375806192,3.26752454578022e-05,0.000525652168022698,5.60554798125579e-05,0.000153236785804203,6.42702504828936e-05,0.000530220995561631,0.00296565179226101,24.41363191,4.424715374,57.92942773,158.9837895,23.69137902,112.9927807,3,3,"rain","AG",""
"JG_CO_045_D","p_045","D","MS","Lowndes County",33.482316,-88.499401,8.3,168,129,39,7457,329,0,329,123,222,261,70,1407,154,81,21,431,254,302,406,71,0.0841329982967948,0.446005584495012,0.0176886362600186,0.00280141210220347,0.00433916093715349,6.52274455606364e-05,0.006228683600634,8.42765259241114e-05,0.00124613240340882,0.000188286160079147,0.00537344855472195,0.0322826203840072,0.00205411749312162,0.010795410498488,0.000806945505176345,0.000379586296019444,0.00048585021758959,3.28459886779684e-05,0.000430765643151319,5.01603422954552e-05,0.00019078950830261,5.37471296289666e-05,0.000457926965889102,0.00168023764730041,24.41363191,4.424715374,57.92942773,158.9837895,23.69137902,112.9927807,3,3,"rain","AG",""
"JG_CO_045_E","p_045","E","MS","Lowndes County",33.482316,-88.499401,8.3,168,129,39,7457,329,0,329,123,222,261,70,1407,154,81,21,431,254,302,406,71,0.112706280373619,0.51070089450742,0.0135596132641835,0.00244162613645671,0.0047642286588475,6.10105059706753e-05,0.00625523262380479,0.000100549267863491,0.00119863313990857,0.000163956320865752,0.00483311446751051,0.0376358899598589,0.00274044384029934,0.00595191325103288,0.000825571186592186,0.000309144943667409,0.000448301551354529,4.07463938403951e-05,0.000455356866884576,5.28220075376226e-05,0.000235067702220779,7.69899285856862e-05,0.000429655514299476,0.001677770200104,24.41363191,4.424715374,57.92942773,158.9837895,23.69137902,112.9927807,3,3,"rain","AG",""
"JG_CO_045_F","p_045","F","MS","Lowndes County",33.482316,-88.499401,8.3,168,129,39,7457,329,0,329,123,222,261,70,1407,154,81,21,431,254,302,406,71,0.101594710688283,0.48275948423502,0.014157127750517,0.00261239494589493,0.0042969444021019,6.461254002289e-05,0.00585054554481106,9.23298487420651e-05,0.00118798833439262,0.000155855967626158,0.00489795849779678,0.0354210445732216,0.00267599068244108,0.00959049737330281,0.000805180624100871,0.000352446116675391,0.000460322797329609,4.28556896219202e-05,0.000459466553068573,5.39597225742905e-05,0.000215930863643599,6.13356897724775e-05,0.000417657286967457,0.00169010125925932,24.41363191,4.424715374,57.92942773,158.9837895,23.69137902,112.9927807,3,3,"rain","AG",""
"JG_CO_045_G","p_045","G","MS","Lowndes County",33.482316,-88.499401,8.3,168,129,39,7457,329,0,329,123,222,261,70,1407,154,81,21,431,254,302,406,71,0.0957385808272417,0.47047493315208,0.0152603708121236,0.00253471300607527,0.00420768529016513,5.20818995801644e-05,0.00593164005532312,8.7278733940517e-05,0.00135553869832048,0.000157859957387453,0.00496324059072952,0.0320402856241495,0.00315931724825799,0.0141452733595582,0.000942990265340033,0.000283432436823719,0.000480763315264604,2.96418216836529e-05,0.000446733223489668,4.30272914074492e-05,0.000201231944374277,6.22215059985583e-05,0.000425974875856198,0.00146373169439494,24.41363191,4.424715374,57.92942773,158.9837895,23.69137902,112.9927807,3,3,"rain","AG",""
"JG_CO_045_H","p_045","H","MS","Lowndes County",33.482316,-88.499401,8.3,168,129,39,7457,329,0,329,123,222,261,70,1407,154,81,21,431,254,302,406,71,0.0872836999415269,0.471071892552058,0.0183232804015874,0.00269468323746071,0.00422227131927393,5.45367142883118e-05,0.00649856881870117,7.19240745965299e-05,0.00111648129783488,0.000165176231057468,0.00527790326550038,0.0309379109056422,0.00450899016926354,0.0235662461064022,0.00113552548068303,0.000425126521068351,0.000429590885760247,4.31800826238551e-05,0.000532676800351573,3.95743226820675e-05,0.000173978508040596,5.79633554141838e-05,0.000412401146812435,0.00208388649647629,24.41363191,4.424715374,57.92942773,158.9837895,23.69137902,112.9927807,3,3,"rain","AG",""
"JG_CO_045_I","p_045","I","MS","Lowndes County",33.482316,-88.499401,8.3,168,129,39,7457,329,0,329,123,222,261,70,1407,154,81,21,431,254,302,406,71,0.0985016145606435,0.488148826401452,0.014461879216358,0.00263836653608625,0.00431762276370883,5.66405391300892e-05,0.00585746540069505,9.73119094838255e-05,0.00101585539139013,0.000152618902232495,0.00466389594464197,0.0371951122673547,0.00213818775888755,0.00815791952819202,0.000653020293956791,0.000275811583175951,0.000362893015711962,3.54789357675744e-05,0.00053903329898136,5.51576247098629e-05,0.000169638890560034,6.26414907916475e-05,0.000399209944038956,0.00176556809474642,24.41363191,4.424715374,57.92942773,158.9837895,23.69137902,112.9927807,3,3,"rain","AG",""
"JG_CO_045_J","p_045","J","MS","Lowndes County",33.482316,-88.499401,8.3,168,129,39,7457,329,0,329,123,222,261,70,1407,154,81,21,431,254,302,406,71,0.0837339622681636,0.451749754170987,0.0172503542736357,0.00287378267262996,0.00400421026376543,6.96612624596438e-05,0.0058935162130832,0.000103771185127602,0.00139706757330341,0.000154107157143113,0.00520163411754366,0.0298176802625689,0.0035559344035646,0.0143710919864686,0.000842350496214617,0.000257323241524389,0.000350171568010352,3.91173664078439e-05,0.000421966404028747,5.29962258919591e-05,0.000185175133769831,6.0306617868124e-05,0.000443286699790776,0.00184203825191602,24.41363191,4.424715374,57.92942773,158.9837895,23.69137902,112.9927807,3,3,"rain","AG",""
"JG_CO_045_K","p_045","K","MS","Lowndes County",33.482316,-88.499401,8.3,168,129,39,7457,329,0,329,123,222,261,70,1407,154,81,21,431,254,302,406,71,0.0990564382808527,0.473716767708614,0.0141801416294246,0.00247264618248815,0.00423947286977,5.06577451658547e-05,0.00573633715934754,9.93229195065544e-05,0.00128894272791091,0.000160509480363859,0.00466875493299361,0.0339750913431091,0.00300090199191617,0.0152766159400366,0.000744783068006703,0.000279231871153444,0.000467758538690289,3.26011656539669e-05,0.000365204417374864,6.20976569426719e-05,0.000219161651342213,8.05633501220054e-05,0.000403055029272803,0.00182696895882322,24.41363191,4.424715374,57.92942773,158.9837895,23.69137902,112.9927807,3,3,"rain","AG",""
"JG_CO_045_L","p_045","L","MS","Lowndes County",33.482316,-88.499401,8.3,168,129,39,7457,329,0,329,123,222,261,70,1407,154,81,21,431,254,302,406,71,0.105599483010444,0.493796768186658,0.0136735779480419,0.00269487970243233,0.00413247929664447,4.94626366683667e-05,0.00582947404377795,8.68351758815443e-05,0.000989978731487341,0.000170661652583625,0.00497021127880379,0.0383341573422154,0.00219850837460806,0.00609773226575272,0.000809544653621824,0.000327334760741894,0.000332881361168716,2.86601087199065e-05,0.000458019804217814,4.37854691927014e-05,0.000158582618953399,7.14951028944957e-05,0.000430377924571837,0.00190250525121831,24.41363191,4.424715374,57.92942773,158.9837895,23.69137902,112.9927807,3,3,"rain","AG",""
"JG_CO_049_A","p_049","A","AZ","Yavapai",34.230035,-112.09887,13.1,171,172,47,7151,369,4,365,262,198,266,86,420,60,7,43,148,35,114,126,947,0.0922034103531543,0.493801270519767,0.0164368082367664,0.00285988573190194,0.00455358769270679,5.24232154375438e-05,0.00611355209032127,8.35976735915282e-05,0.00119624143034985,0.000150314193007396,0.00504864971749573,0.0355232539798227,0.00174301023935621,0.00565170626623386,0.000681111506673413,0.000270541939107174,0.000372704836900358,2.45567152571133e-05,0.000460469763844626,4.30601336246138e-05,0.000177212429944172,5.9738152938108e-05,0.000400191603512723,0.00150357987962903,23.12570146,1.328544706,77.98668163,153.1470258,32.93339095,33.26556304,0,0,"rain","NOAG","Located in a rain wash"
"JG_CO_049_B","p_049","B","AZ","Yavapai",34.230035,-112.09887,13.1,171,172,47,7151,369,4,365,262,198,266,86,420,60,7,43,148,35,114,126,947,0.102689510049879,0.549101495981456,0.0189674926291482,0.00316652614883409,0.00490089091021833,3.58192706901693e-05,0.0070075908896888,0.00010355711880491,0.00123264638929165,0.000154812092651074,0.00575099743507781,0.0352191296340826,0.00219812312417882,0.00494607260957213,0.000923916130558085,0.000375571893700603,0.00044106665554298,2.77016625928305e-05,0.000539395072686502,5.2939205287386e-05,0.00021732896816406,7.63439652945824e-05,0.000554772906084686,0.00204639027676878,23.12570146,1.328544706,77.98668163,153.1470258,32.93339095,33.26556304,0,0,"rain","NOAG","Located in a rain wash"
"JG_CO_049_C","p_049","C","AZ","Yavapai",34.230035,-112.09887,13.1,171,172,47,7151,369,4,365,262,198,266,86,420,60,7,43,148,35,114,126,947,0.096400496178656,0.502836706246041,0.0172187846558705,0.00295564975359318,0.00454992366954706,4.13366100643002e-05,0.00643968943653288,9.84121322944047e-05,0.00151675813100315,0.000180866708785637,0.00540125747935283,0.0355876813275633,0.00208504056173229,0.0055909317172262,0.000822539759707402,0.000301708181768785,0.000406958874270208,2.31119784325697e-05,0.000475174775133274,4.79834874023095e-05,0.000232407680366122,8.270251527325e-05,0.000411991593442679,0.00178977816027706,23.12570146,1.328544706,77.98668163,153.1470258,32.93339095,33.26556304,0,0,"rain","NOAG","Located in a rain wash"
"JG_CO_054_A","p_054","A","TN","Columbia",35.6695247,-87.0180417,8.3,143,138,38,8013,318,-39,357,141,202,243,36,1356,147,85,16,401,269,303,355,176,0.108382259173901,0.531533025330765,0.0158076792269206,0.00275683671563009,0.00484007951089303,5.21679653495205e-05,0.0062896457490237,9.48257812372264e-05,0.00164739315513005,0.000172130747309581,0.00518045213631509,0.0340835803819854,0.00247217437122802,0.00509606092368683,0.000780774528669779,0.000333289503643011,0.000461206760761569,2.90020492585393e-05,0.000569155848339961,5.45388240655457e-05,0.000254169608909304,7.9757215971032e-05,0.000501245201759803,0.00167069036493803,22.38815403,1.809229865,60.96024397,152.9765579,20.78004924,110.3194812,3,4,"rain","NOAG",""
"JG_CO_054_B","p_054","B","TN","Columbia",35.6695247,-87.0180417,8.3,143,138,38,8013,318,-39,357,141,202,243,36,1356,147,85,16,401,269,303,355,176,0.112322539806166,0.526507021331586,0.0161069831085385,0.00277804525242795,0.00505815293447498,5.4063187418539e-05,0.00711421664798485,9.85060883016228e-05,0.00145864555906396,0.000175056996007614,0.00554880073496272,0.03393493236992,0.00214571055207296,0.00533686113786261,0.00068380177628626,0.000365714444320004,0.000519690579679504,4.07607713739475e-05,0.000675824051837966,7.34735791767301e-05,0.000256696876193301,6.9270356803307e-05,0.000475543168493422,0.0016637076407731,22.38815403,1.809229865,60.96024397,152.9765579,20.78004924,110.3194812,3,4,"rain","NOAG",""
"JG_CO_054_C","p_054","C","TN","Columbia",35.6695247,-87.0180417,8.3,143,138,38,8013,318,-39,357,141,202,243,36,1356,147,85,16,401,269,303,355,176,0.107576124039714,0.523186246454338,0.019241970500703,0.00304351620820307,0.00534939559776182,5.51936727771397e-05,0.00715876883398199,8.17706983703363e-05,0.00164145688135276,0.000189558940308987,0.0061193583415655,0.033191620042852,0.00259039907560955,0.00580699318296308,0.000819084995361497,0.000415108296666304,0.000466799827379498,2.96377946789026e-05,0.00049902882407658,3.88862329354117e-05,0.000172668994279814,7.98964907536227e-05,0.000550224272229537,0.00182269670747671,22.38815403,1.809229865,60.96024397,152.9765579,20.78004924,110.3194812,3,4,"rain","NOAG",""
"JG_CO_054_D","p_054","D","TN","Columbia",35.6695247,-87.0180417,8.3,143,138,38,8013,318,-39,357,141,202,243,36,1356,147,85,16,401,269,303,355,176,0.123246468742057,0.555272644574759,0.0149303389168409,0.00271998415341662,0.00520087151556449,4.16830561624979e-05,0.00701958817471816,0.000102376477527189,0.00165493015602308,0.000200728526528567,0.00550893393210669,0.0378147476339889,0.00232718980642836,0.00615735614898419,0.000895701406403038,0.000406447245657618,0.000639691095251774,2.52982140108649e-05,0.000634446297558375,5.62778159067975e-05,0.000302394108139713,8.2664725498533e-05,0.000564181013309517,0.00166113663123058,22.38815403,1.809229865,60.96024397,152.9765579,20.78004924,110.3194812,3,4,"rain","NOAG",""
"JG_CO_054_E","p_054","E","TN","Columbia",35.6695247,-87.0180417,8.3,143,138,38,8013,318,-39,357,141,202,243,36,1356,147,85,16,401,269,303,355,176,0.114481340125597,0.51929644909049,0.0156219799792058,0.00298548468060749,0.00483256153840174,5.33770046368224e-05,0.00717192798761686,0.000127137562687786,0.000981392200922475,0.000178730304771905,0.0055760352663635,0.0349132971205088,0.00223248885827456,0.00443616429299192,0.000726103428883293,0.000335208302886013,0.000448031499954911,3.17721581876218e-05,0.000532196849365756,7.2589142041268e-05,0.000201785624687741,8.60970791436803e-05,0.000461789808871865,0.00194527259072487,22.38815403,1.809229865,60.96024397,152.9765579,20.78004924,110.3194812,3,4,"rain","NOAG",""
"JG_CO_054_F","p_054","F","TN","Columbia",35.6695247,-87.0180417,8.3,143,138,38,8013,318,-39,357,141,202,243,36,1356,147,85,16,401,269,303,355,176,0.146234687861129,0.684193132795408,0.0177216480610012,0.0034612939722858,0.00570643071048115,7.1038605337117e-06,0.00883863751204109,0.000118830108227763,0.00169900486922054,0.000193606224455658,0.0061068498196947,0.0511875079505008,0.00337649387163314,0.00427578991945231,0.00120289064158221,0.000532408625453547,0.000742643220698374,1.61517882860873e-05,0.000887286759081994,7.37803179095512e-05,0.000282299492661459,0.000106766806629605,0.000799503897491551,0.00262438931526631,22.38815403,1.809229865,60.96024397,152.9765579,20.78004924,110.3194812,3,4,"rain","NOAG",""
"JG_CO_054_G","p_054","G","TN","Columbia",35.6695247,-87.0180417,8.3,143,138,38,8013,318,-39,357,141,202,243,36,1356,147,85,16,401,269,303,355,176,0.113198238561507,0.505658333977493,0.014353978235616,0.00280861531306363,0.00467298467096164,4.72137694177616e-05,0.00688540227436899,0.000113379208983173,0.00120436909284556,0.000167455200018933,0.00510272107303558,0.0363034431111637,0.00310662815727246,0.00729492048900546,0.00084333187569499,0.00034568988443017,0.000549186696089575,2.87792194116861e-05,0.000577618835424645,6.5747496277974e-05,0.00017829901757268,8.43709983707275e-05,0.000551406958584536,0.00206110318229877,22.38815403,1.809229865,60.96024397,152.9765579,20.78004924,110.3194812,3,4,"rain","NOAG",""
"JG_CO_054_H","p_054","H","TN","Columbia",35.6695247,-87.0180417,8.3,143,138,38,8013,318,-39,357,141,202,243,36,1356,147,85,16,401,269,303,355,176,0.112293367906647,0.522308293927435,0.0155973819381138,0.00306235194545475,0.00483941146793441,5.35890880799624e-05,0.00721447410393717,0.000100519363417857,0.000960661194720003,0.00016939440370959,0.00537622524061912,0.0359863609307799,0.00258173959699167,0.00573977956772352,0.000706334090527235,0.000374502635806247,0.00043653578592609,2.94109139672014e-05,0.000422229003205256,6.02204882378379e-05,0.000210047927337175,7.44456548998962e-05,0.000495809721956579,0.00134202231511701,22.38815403,1.809229865,60.96024397,152.9765579,20.78004924,110.3194812,3,4,"rain","NOAG",""
"JG_CO_054_I","p_054","I","TN","Columbia",35.6695247,-87.0180417,8.3,143,138,38,8013,318,-39,357,141,202,243,36,1356,147,85,16,401,269,303,355,176,0.1106302375304,0.523317337410335,0.0134980548572069,0.00277702516610996,0.00446179923509115,5.4623138191656e-05,0.00632004329751633,9.10136847821605e-05,0.00093919229425713,0.000151905337102622,0.00488321745925623,0.0393733858886062,0.00283981169711049,0.0110436381852504,0.000882338777119586,0.000344710301570737,0.000449519863247538,3.50948576754208e-05,0.000471514203804429,5.11956320252758e-05,0.000200698640635401,7.28902117921909e-05,0.00047683630385317,0.00225784564268606,22.38815403,1.809229865,60.96024397,152.9765579,20.78004924,110.3194812,3,4,"rain","NOAG",""
"JG_CO_054_J","p_054","J","TN","Columbia",35.6695247,-87.0180417,8.3,143,138,38,8013,318,-39,357,141,202,243,36,1356,147,85,16,401,269,303,355,176,0.118317798173401,0.539744838147642,0.0149688872582925,0.00281375502120477,0.0049989988358569,5.2551082882584e-05,0.00678676994346057,8.38433874432392e-05,0.00105525431340142,0.000169072308743508,0.00546830056969689,0.0362294685812552,0.00274540836374392,0.00896826436100218,0.000734135926679904,0.000357853815978281,0.000466735462181132,3.53453467639596e-05,0.000530617080745922,4.60140595222735e-05,0.000205293891849771,7.0812050932146e-05,0.000652749595822592,0.00198310748286083,22.38815403,1.809229865,60.96024397,152.9765579,20.78004924,110.3194812,3,4,"rain","NOAG",""
"JG_CO_054_K","p_054","K","TN","Columbia",35.6695247,-87.0180417,8.3,143,138,38,8013,318,-39,357,141,202,243,36,1356,147,85,16,401,269,303,355,176,0.105611604394893,0.50922121377679,0.016839116259817,0.0027084008782732,0.0047571962146392,4.8933986355439e-05,0.00646771552671717,0.000110733127223171,0.00157140792343734,0.000165598547430257,0.0054023504920493,0.0337879400836299,0.00197657509194036,0.00583650826253523,0.00081482195107249,0.000341624828943645,0.000461703586510437,3.1566413841319e-05,0.00060917994513066,5.5321879569764e-05,0.000220665635608362,7.6204469659159e-05,0.000445286404902013,0.00185309436335826,22.38815403,1.809229865,60.96024397,152.9765579,20.78004924,110.3194812,3,4,"rain","NOAG",""
"JG_CO_055_A","p_055","A","TN","Portland",36.589954,-86.518198,8.3,137,123,34,8358,311,-46,357,137,198,241,24,1303,134,78,15,375,260,312,330,249,0.103254456671666,0.517499715171813,0.0159762767007203,0.00269805173683738,0.00482407117581737,4.75271520908185e-05,0.00672284209353704,0.000105303414129247,0.00128225738765046,0.000182357457845678,0.00535820228647212,0.0335419693737873,0.00207650798765754,0.00493063015062061,0.000677530402475321,0.000373190850312956,0.000411442742284721,3.07697183103657e-05,0.000458228970703135,4.9144895295144e-05,0.000225789196483223,7.80006040297015e-05,0.000404594076498529,0.00212612235392889,23.02397559,1.685193258,59.98060157,156.3424876,21.76764821,107.7658021,3,5,"rain","NOAG",""
"JG_CO_055_B","p_055","B","TN","Portland",36.589954,-86.518198,8.3,137,123,34,8358,311,-46,357,137,198,241,24,1303,134,78,15,375,260,312,330,249,0.111366721686009,0.531318111034402,0.0163918613262018,0.00280428974347337,0.0051917636437856,4.96215404722892e-05,0.00656010593554668,9.25635564209877e-05,0.00131341617881047,0.000173692522141483,0.00545384500705923,0.0382772955596216,0.00231535788423688,0.00419595639876755,0.000718300829752148,0.000363013215527535,0.000447227767926678,2.95907650379066e-05,0.000582984252696901,5.31849554912213e-05,0.000237657810489489,6.84331189450787e-05,0.000410288381589818,0.00149938706379646,23.02397559,1.685193258,59.98060157,156.3424876,21.76764821,107.7658021,3,5,"rain","NOAG",""
"JG_CO_055_C","p_055","C","TN","Portland",36.589954,-86.518198,8.3,137,123,34,8358,311,-46,357,137,198,241,24,1303,134,78,15,375,260,312,330,249,0.111522558096504,0.60451118634297,0.0246349476107092,0.00357554679762353,0.00561034657085482,3.02276646664087e-05,0.00898820903385472,0.00010500459706179,0.00192834517792903,0.000155612346395868,0.00744907021066976,0.0367090384252499,0.00223011332839423,0.0039581338757347,0.00121445195431984,0.000384320452921451,0.000709931578494317,2.80440922015044e-05,0.000712860680372812,7.54728438091337e-05,0.000265439308369736,8.02784022215923e-05,0.000541424734042315,0.00209428206979162,23.02397559,1.685193258,59.98060157,156.3424876,21.76764821,107.7658021,3,5,"rain","NOAG",""
"JG_CO_055_D","p_055","D","TN","Portland",36.589954,-86.518198,8.3,137,123,34,8358,311,-46,357,137,198,241,24,1303,134,78,15,375,260,312,330,249,0.108080107174829,0.527287722157222,0.0175932927142229,0.00292594685858942,0.00477747871280914,5.51944785871704e-05,0.00708257895237418,9.95095318361192e-05,0.00175196757632565,0.000203878604110278,0.00575151898434828,0.0337241008753786,0.0029229087959006,0.00435533685150957,0.000694952357318793,0.000400771327069424,0.000491357357799276,3.09302371973731e-05,0.000661860624850005,5.42915291398745e-05,0.000257361509545289,7.41546508654599e-05,0.000621872553621831,0.00116034118485749,23.02397559,1.685193258,59.98060157,156.3424876,21.76764821,107.7658021,3,5,"rain","NOAG",""
"JG_CO_055_E","p_055","E","TN","Portland",36.589954,-86.518198,8.3,137,123,34,8358,311,-46,357,137,198,241,24,1303,134,78,15,375,260,312,330,249,0.109172096880099,0.534556501859785,0.0162142777941781,0.00271360429604119,0.00476476006863008,5.05895229937105e-05,0.00690372846532173,0.000110331257946161,0.00145647414805751,0.000167437568579421,0.00533750473625335,0.0341117664026524,0.00223412059394436,0.00419995879635534,0.000775779309493229,0.000326710464422214,0.000433000150353955,2.69388303983604e-05,0.000638877026617571,5.22144343963716e-05,0.000240354538672818,5.85813260935636e-05,0.000363164772337684,0.00149887559889015,23.02397559,1.685193258,59.98060157,156.3424876,21.76764821,107.7658021,3,5,"rain","NOAG",""
"JG_CO_055_F","p_055","F","TN","Portland",36.589954,-86.518198,8.3,137,123,34,8358,311,-46,357,137,198,241,24,1303,134,78,15,375,260,312,330,249,0.105727384410465,0.513199208342051,0.0157420975293082,0.00275344785039436,0.00502164997548798,4.98690301681759e-05,0.00622314838072294,8.80727858448152e-05,0.00154620657807911,0.00017144096145739,0.00528231899895314,0.0327928090268413,0.00202397366680442,0.00519227480967654,0.000850433136577902,0.000329676260752729,0.00041959327722048,3.13925400531854e-05,0.000485396918012789,5.86019242692319e-05,0.00023032733277175,7.17912774184386e-05,0.000427915725491953,0.00154805782595861,23.02397559,1.685193258,59.98060157,156.3424876,21.76764821,107.7658021,3,5,"rain","NOAG",""
"JG_CO_055_G","p_055","G","TN","Portland",36.589954,-86.518198,8.3,137,123,34,8358,311,-46,357,137,198,241,24,1303,134,78,15,375,260,312,330,249,0.109447348078591,0.546052634750728,0.0190201884611736,0.00313459818668241,0.00520889563150507,4.67247089629679e-05,0.00727086457739239,9.19977478072193e-05,0.00105019898212199,0.000176550972225931,0.00619580176597141,0.0333188291823041,0.00313200585952179,0.0102999786262786,0.00140515016965495,0.000367701918092506,0.000685697115795859,2.69975583051714e-05,0.000652746588470493,4.47796383067731e-05,0.000157467880485135,7.61241009062426e-05,0.000423769838245727,0.00181907975524466,23.02397559,1.685193258,59.98060157,156.3424876,21.76764821,107.7658021,3,5,"rain","NOAG",""
"JG_CO_055_H","p_055","H","TN","Portland",36.589954,-86.518198,8.3,137,123,34,8358,311,-46,357,137,198,241,24,1303,134,78,15,375,260,312,330,249,0.106030753105606,0.508686010464301,0.0163531465058242,0.00274661361358333,0.00499475119683526,4.92176632249257e-05,0.00697396939606547,0.000106449270803865,0.00136349855327022,0.00017409288636098,0.00560534763053014,0.0339975556920302,0.00348538980730938,0.012768609111667,0.000695070559781452,0.000331503922120868,0.000470137200950215,2.53254594021677e-05,0.000708497538059102,5.58743813912116e-05,0.000200516714623461,7.00894419246894e-05,0.000485467571546624,0.00161467362252419,23.02397559,1.685193258,59.98060157,156.3424876,21.76764821,107.7658021,3,5,"rain","NOAG",""
"JG_CO_055_I","p_055","I","TN","Portland",36.589954,-86.518198,8.3,137,123,34,8358,311,-46,357,137,198,241,24,1303,134,78,15,375,260,312,330,249,0.100523447804986,0.514801893706475,0.0168460243669528,0.00277630742617526,0.00474097699550324,4.99413187047182e-05,0.00670664639762835,8.42167696848139e-05,0.00164106724061184,0.000182410177257232,0.00527727837130111,0.0336061272022488,0.0023782643878622,0.00644502821073764,0.000629984910928866,0.000347743841497028,0.000432440320845421,2.87061586264392e-05,0.000449420742631837,4.60187488803287e-05,0.000227295262550998,6.18982613155279e-05,0.00041616474250391,0.00152506997337492,23.02397559,1.685193258,59.98060157,156.3424876,21.76764821,107.7658021,3,5,"rain","NOAG",""
"JG_CO_055_K","p_055","K","TN","Portland",36.589954,-86.518198,8.3,137,123,34,8358,311,-46,357,137,198,241,24,1303,134,78,15,375,260,312,330,249,0.118822789293199,0.547344543689015,0.0133449531460747,0.00273081385719365,0.0047434593714869,4.31946319366254e-05,0.0067157219765067,9.56318379913479e-05,0.00137402822400954,0.000174629259190745,0.00501346902513686,0.0409021244758071,0.00193055084723595,0.00480054531581244,0.000737354574182267,0.000335042597590872,0.000506520390698277,2.57660921495114e-05,0.000475342776178392,4.57609105528332e-05,0.000226560023668341,9.2393278848238e-05,0.000461847177798938,0.00154198953113631,23.02397559,1.685193258,59.98060157,156.3424876,21.76764821,107.7658021,3,5,"rain","NOAG",""
"JG_CO_059_A","p_059","A","FL","Hosford",30.387945,-84.67161,8.3,196,129,45,5985,329,43,286,269,160,269,116,1487,193,78,27,508,263,508,343,25,0.0854950884583468,0.478794152791154,0.0181717662074111,0.00290437539582036,0.00464753245108698,5.33385493402489e-05,0.00648405909450255,9.36295184841368e-05,0.00171964732278299,0.000157201476916225,0.00525507427084407,0.031187607883971,0.00238295644609387,0.0125665438361763,0.00104125856662967,0.00025500183328254,0.000392554218551462,2.62518896741957e-05,0.000458686959124772,4.53409894947483e-05,0.000270771260575013,7.02293770550242e-05,0.000353172565322354,0.00184697725151011,20.07923497,2.90234192,48.90382514,146.2209212,23.336742,113.3698087,0,0,"rain","NOAG",""
"JG_CO_059_B","p_059","B","FL","Hosford",30.387945,-84.67161,8.3,196,129,45,5985,329,43,286,269,160,269,116,1487,193,78,27,508,263,508,343,25,0.101195043912237,0.517446334593783,0.0164350346505819,0.00264214915530079,0.00473731440694377,5.45416589297553e-05,0.00631236532129963,9.00800286573657e-05,0.00148880847469145,0.000148350614947303,0.00541240887340783,0.0332185725345177,0.00327089090632307,0.0110122215418661,0.000828497955440395,0.00029734052499287,0.00047116194873391,3.39381260692913e-05,0.000512262121294773,5.25581686222442e-05,0.00023899369473561,7.57241961021696e-05,0.000416457989208851,0.00187378110549578,20.07923497,2.90234192,48.90382514,146.2209212,23.336742,113.3698087,0,0,"rain","NOAG",""
"JG_CO_059_C","p_059","C","FL","Hosford",30.387945,-84.67161,8.3,196,129,45,5985,329,43,286,269,160,269,116,1487,193,78,27,508,263,508,343,25,0.105061501817614,0.528245539301064,0.0182201003138896,0.00286168605320063,0.00493568129294734,5.12497664998821e-05,0.00698129329408339,0.000106639512346642,0.00164283486861633,0.000189917746449607,0.0059340473862291,0.0330192714019578,0.00187686997099619,0.00386133194598201,0.000814494242476424,0.000350355915454463,0.000475852030313533,3.70996675582789e-05,0.000578016483703046,5.17055790770944e-05,0.000279210864049527,7.81266774242623e-05,0.000576528477855798,0.00200788945820865,20.07923497,2.90234192,48.90382514,146.2209212,23.336742,113.3698087,0,0,"rain","NOAG",""
"JG_CO_059_D","p_059","D","FL","Hosford",30.387945,-84.67161,8.3,196,129,45,5985,329,43,286,269,160,269,116,1487,193,78,27,508,263,508,343,25,0.101318726408795,0.510120697432613,0.0155506461980247,0.002666641108071,0.00462029153334359,6.25032843828465e-05,0.00640831104070281,9.97176327984153e-05,0.0015340116712371,0.000169604149856274,0.00511540476098978,0.0325288347677256,0.0027136582773731,0.0057316049994456,0.00093641690585621,0.000425376576596751,0.000403588282224604,3.96827369977436e-05,0.000519674913549503,5.68209944215466e-05,0.000220104420898767,7.80548247954281e-05,0.000487875768818385,0.00202016378013181,20.07923497,2.90234192,48.90382514,146.2209212,23.336742,113.3698087,0,0,"rain","NOAG",""
"JG_CO_059_E","p_059","E","FL","Hosford",30.387945,-84.67161,8.3,196,129,45,5985,329,43,286,269,160,269,116,1487,193,78,27,508,263,508,343,25,0.0987196494276608,0.502482892433169,0.0164622545405614,0.00260167404295086,0.00467619192675157,5.53244847133257e-05,0.00656005954104026,7.60408319031273e-05,0.00164189709393893,0.000167987586193658,0.00526879730833642,0.0337190282951398,0.00582755909693881,0.0259164348487601,0.00117687055006306,0.000269212521824444,0.000691432045983741,2.97588027304557e-05,0.000559189097234626,5.31334848195539e-05,0.000202869225973876,8.52021512074272e-05,0.000511443808374796,0.00251575425981015,20.07923497,2.90234192,48.90382514,146.2209212,23.336742,113.3698087,0,0,"rain","NOAG",""
"JG_CO_059_F","p_059","F","FL","Hosford",30.387945,-84.67161,8.3,196,129,45,5985,329,43,286,269,160,269,116,1487,193,78,27,508,263,508,343,25,0.0952661507508711,0.501923333455483,0.0177608637124013,0.0026379670846406,0.00447750500176012,4.68773312432097e-05,0.00667622072329683,8.64114116658613e-05,0.00198419254108598,0.000154156425998012,0.00546425747318756,0.0317104173688961,0.00187136208295374,0.00492095729809163,0.000745467724058368,0.000252391831813743,0.000414508576765371,2.6908624844323e-05,0.000498994775133318,4.98286402489067e-05,0.000259440162774303,7.54785970140062e-05,0.000457157425498703,0.00152870446021986,20.07923497,2.90234192,48.90382514,146.2209212,23.336742,113.3698087,0,0,"rain","NOAG",""
"JG_CO_059_G","p_059","G","FL","Hosford",30.387945,-84.67161,8.3,196,129,45,5985,329,43,286,269,160,269,116,1487,193,78,27,508,263,508,343,25,0.0974563388174843,0.508218970728124,0.0172382296710264,0.00259725168153926,0.00458974304676467,4.49120045608004e-05,0.00619502200968166,8.96304709447861e-05,0.00167921409447556,0.000173197808436561,0.00522485670849293,0.0342830258000801,0.0016241384273625,0.00371218500700763,0.000737987851965279,0.000298496464202659,0.000436340723534888,2.74714222803028e-05,0.000484727203727161,5.12859630801837e-05,0.000260308168114714,6.72156001383451e-05,0.000375213755502487,0.00160869210869494,20.07923497,2.90234192,48.90382514,146.2209212,23.336742,113.3698087,0,0,"rain","NOAG",""
"JG_CO_059_H","p_059","H","FL","Hosford",30.387945,-84.67161,8.3,196,129,45,5985,329,43,286,269,160,269,116,1487,193,78,27,508,263,508,343,25,0.0858916767686877,0.479274657038132,0.0187340278117905,0.002642199073849,0.004488650361934,6.0489998258825e-05,0.00645861111747562,7.51089383500542e-05,0.00191459689706448,0.000157821653095747,0.00533244105786471,0.0321145423613529,0.0030493781821609,0.0153542502649858,0.000864959217681161,0.000298103293447037,0.000394587090366527,3.23726794337912e-05,0.000430256167315245,4.18035930366303e-05,0.000263352140057701,6.37685094665531e-05,0.000516465711443169,0.00203090115917128,20.07923497,2.90234192,48.90382514,146.2209212,23.336742,113.3698087,0,0,"rain","NOAG",""
"JG_CO_059_I","p_059","I","FL","Hosford",30.387945,-84.67161,8.3,196,129,45,5985,329,43,286,269,160,269,116,1487,193,78,27,508,263,508,343,25,0.0973364561594755,0.50555914103048,0.0162296240004153,0.00263386580724777,0.00464281930470542,6.37302053154936e-05,0.00618130199000473,0.00010122979026786,0.00147149016118618,0.000152831270529241,0.00526289434794338,0.033950267881319,0.00378189845435831,0.015581625746789,0.000995490510484628,0.000312221272996516,0.000647839780688636,3.2102521076884e-05,0.000521763984980804,8.111903399959e-05,0.000224667158051895,7.68876018696949e-05,0.000474002021681445,0.00141355364095623,20.07923497,2.90234192,48.90382514,146.2209212,23.336742,113.3698087,0,0,"rain","NOAG",""
"JG_CO_059_J","p_059","J","FL","Hosford",30.387945,-84.67161,8.3,196,129,45,5985,329,43,286,269,160,269,116,1487,193,78,27,508,263,508,343,25,0.0974333272002726,0.497075058124793,0.0139873067642284,0.00256053640384941,0.00421459861229495,5.77964081612761e-05,0.00625558119652474,8.37572330109816e-05,0.00119237163793924,0.000145945415910399,0.00467883009202506,0.0339790992254387,0.0026658861328378,0.00721924370654157,0.000843264346927486,0.00026473901770041,0.000396052001440299,3.00058423241262e-05,0.000414487160498554,4.56114399487876e-05,0.000214651865348704,7.31139892242204e-05,0.000409611183789979,0.00159803089792595,20.07923497,2.90234192,48.90382514,146.2209212,23.336742,113.3698087,0,0,"rain","NOAG",""
"JG_CO_059_K","p_059","K","FL","Hosford",30.387945,-84.67161,8.3,196,129,45,5985,329,43,286,269,160,269,116,1487,193,78,27,508,263,508,343,25,0.086372713394683,0.478576607377907,0.0196613125349782,0.00276985508627952,0.00462876325493213,5.56096901033565e-05,0.00680654743071617,8.59784885831974e-05,0.00184603505419471,0.000188375661798373,0.00574505213357992,0.030427393910518,0.0022089872254516,0.00431085913225236,0.000789491701213434,0.000285567640361635,0.000399269636610047,2.38824418263281e-05,0.000505620239866769,6.0900275500215e-05,0.000221753555370313,6.17765458357473e-05,0.000363895789162897,0.00133107150284415,20.07923497,2.90234192,48.90382514,146.2209212,23.336742,113.3698087,0,0,"rain","NOAG",""
"JG_CO_059_L","p_059","L","FL","Hosford",30.387945,-84.67161,8.3,196,129,45,5985,329,43,286,269,160,269,116,1487,193,78,27,508,263,508,343,25,0.0962831527254021,0.477369387254132,0.0133888742840004,0.00241448594026582,0.0041821793672945,5.49934776610319e-05,0.00597500637742126,8.48894502233867e-05,0.00120148173747692,0.000145313145705548,0.00438633818297989,0.0322462537716403,0.00242997721748978,0.00847527521366416,0.000621947787322387,0.00036839202353288,0.000307398787843318,2.52768196879699e-05,0.000487615339352687,3.60040802223463e-05,0.000206720425837178,7.64251284354503e-05,0.000380014053707677,0.00143760478747114,20.07923497,2.90234192,48.90382514,146.2209212,23.336742,113.3698087,0,0,"rain","NOAG",""
"JG_CO_064_A","p_064","A","GA","Columbus",32.56522685,-84.86585333,8.3,176,131,41,6916,329,14,315,100,181,263,85,1241,139,58,21,371,224,321,353,154,0.102524243068474,0.495907316431912,0.0163182381193009,0.00263661894543979,0.00494389788338111,5.68018117190723e-05,0.00628824096338201,0.0001037900800402,0.0013355561225091,0.000165981704969985,0.00517640763466,0.0320269546342693,0.00204748090004627,0.00443592188692323,0.000728472565022268,0.000288871379825986,0.000427049307040541,3.47414045688499e-05,0.000442117913914321,5.12536714785111e-05,0.000228486503369007,7.37392045479835e-05,0.000414200045803759,0.00124878953240211,18.42972623,1.974376573,54.41424541,155.1140853,23.16653321,101.7263403,0,3,"rain","AG","No irrigation information, likely rainfed"
"JG_CO_064_B","p_064","B","GA","Columbus",32.56522685,-84.86585333,8.3,176,131,41,6916,329,14,315,100,181,263,85,1241,139,58,21,371,224,321,353,154,0.0895615229929068,0.478792864292474,0.020480134760779,0.00313871117171537,0.00469123792982086,5.3961178666689e-05,0.00674238510029154,8.29810796534941e-05,0.00117189774180573,0.000187947064108539,0.0058516390371925,0.0298332093032128,0.00463650267995943,0.0129293497504106,0.000921235910804925,0.000438801274338937,0.000373568304266447,4.14461913648924e-05,0.000672659042219669,3.76730197119143e-05,0.000190770320411761,8.38178448196373e-05,0.000529591831762243,0.00156262212098257,18.42972623,1.974376573,54.41424541,155.1140853,23.16653321,101.7263403,0,3,"rain","AG","No irrigation information, likely rainfed"
"JG_CO_064_C","p_064","C","GA","Columbus",32.56522685,-84.86585333,8.3,176,131,41,6916,329,14,315,100,181,263,85,1241,139,58,21,371,224,321,353,154,0.103296291375955,0.481492571216354,0.0166581815508273,0.00287692204027028,0.00491616274785687,6.03745908726922e-05,0.00670891147448385,9.06331935821606e-05,0.00106267795368587,0.000181272013076544,0.0054898567433438,0.0311456606675738,0.00219204291207506,0.00609321972895621,0.000789778629061461,0.000374617199532405,0.000491937235767391,3.21076568629305e-05,0.000541367421890522,4.48604119648012e-05,0.000152338508760584,8.87588548129638e-05,0.000373482334079407,0.00178034002087576,18.42972623,1.974376573,54.41424541,155.1140853,23.16653321,101.7263403,0,3,"rain","AG","No irrigation information, likely rainfed"
"JG_CO_064_D","p_064","D","GA","Columbus",32.56522685,-84.86585333,8.3,176,131,41,6916,329,14,315,100,181,263,85,1241,139,58,21,371,224,321,353,154,0.0935114719270623,0.455933290931555,0.022998676572568,0.00337197341521742,0.00518529152898071,4.78565502833291e-05,0.00749437553654901,9.53244107485099e-05,0.00126154298151323,0.000213427614067377,0.00669181530782231,0.0268381154046859,0.00334212206699951,0.0123994878024901,0.00126643362275038,0.000396044203832484,0.000457912856147036,2.62973969549256e-05,0.00055502534866658,5.11377387383019e-05,0.000205106970123747,7.66296611907019e-05,0.000671249421887841,0.00166834276797525,18.42972623,1.974376573,54.41424541,155.1140853,23.16653321,101.7263403,0,3,"rain","AG","No irrigation information, likely rainfed"
"JG_CO_064_E","p_064","E","GA","Columbus",32.56522685,-84.86585333,8.3,176,131,41,6916,329,14,315,100,181,263,85,1241,139,58,21,371,224,321,353,154,0.100161608518416,0.488771533620119,0.0165950660052785,0.00268568783053543,0.00464562174844062,5.20079864729619e-05,0.00635173120174372,7.73187929159256e-05,0.00103685612051689,0.000165488998186722,0.00546322006761051,0.0294647195802781,0.0020842543759233,0.00645778056209187,0.000756696741879109,0.000278384738810929,0.0003618207041911,2.57146053721628e-05,0.000450310883574452,4.59703840679958e-05,0.000191126122391688,7.22708410363034e-05,0.000431348785421594,0.00205931041199866,18.42972623,1.974376573,54.41424541,155.1140853,23.16653321,101.7263403,0,3,"rain","AG","No irrigation information, likely rainfed"
"JG_CO_064_F","p_064","F","GA","Columbus",32.56522685,-84.86585333,8.3,176,131,41,6916,329,14,315,100,181,263,85,1241,139,58,21,371,224,321,353,154,0.104164108702264,0.507057555134304,0.0174174797236221,0.0028200968065924,0.00480888754810386,5.18521609136667e-05,0.00675464136882227,8.77974470690107e-05,0.00181943198813228,0.000171343287167774,0.00563727996471216,0.0336691425965763,0.00203223595135989,0.00488624924977318,0.000742959377763866,0.000327714023319036,0.000402167885009294,3.10858211057185e-05,0.000528261220738847,5.56500667789442e-05,0.000231450874328747,7.89057589338854e-05,0.000460398486503888,0.00144620822300931,18.42972623,1.974376573,54.41424541,155.1140853,23.16653321,101.7263403,0,3,"rain","AG","No irrigation information, likely rainfed"
"JG_CO_064_G","p_064","G","GA","Columbus",32.56522685,-84.86585333,8.3,176,131,41,6916,329,14,315,100,181,263,85,1241,139,58,21,371,224,321,353,154,0.103723125778569,0.494110196670732,0.0166600873232781,0.00286059398179862,0.00483044147936108,6.73317488738426e-05,0.00665336704075893,0.000103104330314038,0.00193004732008414,0.000170782208117513,0.00541178753813623,0.0313457568847087,0.00180672394403721,0.00547607813836445,0.000733932835439059,0.000381062962293635,0.000486131223244072,3.21695282182083e-05,0.000610813303630451,5.49665366650191e-05,0.000228502770076393,7.6622514428881e-05,0.000411158160534296,0.00190488079891653,18.42972623,1.974376573,54.41424541,155.1140853,23.16653321,101.7263403,0,3,"rain","AG","No irrigation information, likely rainfed"
"JG_CO_064_H","p_064","H","GA","Columbus",32.56522685,-84.86585333,8.3,176,131,41,6916,329,14,315,100,181,263,85,1241,139,58,21,371,224,321,353,154,0.105428159277847,0.504157527515889,0.0175113524161761,0.00276893129296169,0.00512551019764887,5.51637949900816e-05,0.00665018529650075,7.46507270631646e-05,0.00172950317974565,0.000187622239504898,0.0055537403405398,0.032650608570132,0.00255848211311283,0.00663236852673581,0.000855280388927606,0.00034338994106937,0.00044935060009076,3.56773927404084e-05,0.000495121564191823,4.34056053571839e-05,0.000227081281974443,9.80532210091608e-05,0.000419219229660059,0.00155875448127408,18.42972623,1.974376573,54.41424541,155.1140853,23.16653321,101.7263403,0,3,"rain","AG","No irrigation information, likely rainfed"
"JG_CO_064_I","p_064","I","GA","Columbus",32.56522685,-84.86585333,8.3,176,131,41,6916,329,14,315,100,181,263,85,1241,139,58,21,371,224,321,353,154,0.109218326515325,0.514586047172723,0.0174185920436683,0.00286054482187295,0.00523710647499685,6.95963990919969e-05,0.00716885434335045,0.000103032508804392,0.00113152347857227,0.000187439956986975,0.00561557844868295,0.0342199381294678,0.00249375925172049,0.00931225446358979,0.0008930595636862,0.000309119613762834,0.000485316965360569,3.99545905577387e-05,0.000601863235455929,5.24312292664946e-05,0.000193414406698461,8.37748891339901e-05,0.000444940927587293,0.00147391099008953,18.42972623,1.974376573,54.41424541,155.1140853,23.16653321,101.7263403,0,3,"rain","AG","No irrigation information, likely rainfed"
"JG_CO_064_J","p_064","J","GA","Columbus",32.56522685,-84.86585333,8.3,176,131,41,6916,329,14,315,100,181,263,85,1241,139,58,21,371,224,321,353,154,0.102162418975226,0.505949730744345,0.0180636176099104,0.00284361180399534,0.0047877636538712,5.96448670344818e-05,0.00644956910093329,7.33077279686478e-05,0.0013772510282815,0.00017004652640152,0.00568979657326504,0.0318653083019445,0.00180289322998435,0.00706712538222036,0.000680904776953485,0.000350020864895966,0.000427578444595284,3.71828856430769e-05,0.000502524056790337,4.48073169087461e-05,0.000224431291349089,7.09213723537541e-05,0.000557817039810359,0.00137911980461513,18.42972623,1.974376573,54.41424541,155.1140853,23.16653321,101.7263403,0,3,"rain","AG","No irrigation information, likely rainfed"
"JG_CO_064_K","p_064","K","GA","Columbus",32.56522685,-84.86585333,8.3,176,131,41,6916,329,14,315,100,181,263,85,1241,139,58,21,371,224,321,353,154,0.0914217443237578,0.47885860068268,0.0202246510387265,0.00305780624684415,0.00467652792842621,4.8226567906723e-05,0.00669648911280397,0.000105634093945336,0.00147582567049655,0.000175942469001752,0.00617779453146681,0.0303343336386731,0.00257804028268904,0.0172136871110558,0.0014273432259221,0.000354646867854612,0.000514402884018738,2.9767654589107e-05,0.000582413584537276,5.31919222908231e-05,0.000202811095800667,7.07557552861483e-05,0.000420210688788846,0.00201479682529702,18.42972623,1.974376573,54.41424541,155.1140853,23.16653321,101.7263403,0,3,"rain","AG","No irrigation information, likely rainfed"
"JG_CO_064_L","p_064","L","GA","Columbus",32.56522685,-84.86585333,8.3,176,131,41,6916,329,14,315,100,181,263,85,1241,139,58,21,371,224,321,353,154,0.112973807595349,0.524043775154354,0.0165029727472203,0.00278517207279745,0.00506673772102998,4.74656995566633e-05,0.00677255194924272,8.30042269693955e-05,0.0013541905026124,0.000174742894665188,0.00555546503190985,0.0353774191506475,0.0050751516728615,0.0226454386460849,0.000796445726877661,0.000431087936765625,0.000454220057593218,2.78194626965948e-05,0.000634301271788603,5.05680165760874e-05,0.000235003441510169,9.04194936388223e-05,0.000535855908668223,0.00209684354051664,18.42972623,1.974376573,54.41424541,155.1140853,23.16653321,101.7263403,0,3,"rain","AG","No irrigation information, likely rainfed"
"JG_CO_069_A","p_069","A","TX","Corsicana",32.07507,-96.494779,9.4,186,126,37,7525,353,14,339,225,279,279,85,965,130,48,27,309,183,183,209,148,0.0883507381850194,0.465918333411076,0.0176487091542414,0.00270452844660531,0.00455489631200373,6.28658305645048e-05,0.00604327953161088,7.78738568930366e-05,0.00158000931070358,0.000147332502123124,0.00538348770131313,0.0326732409226577,0.00185692530023009,0.00575802024688774,0.000683836078091017,0.000291570325648973,0.000363131670960817,3.84512998039255e-05,0.000437883217651381,4.33679942943773e-05,0.000188034082953567,6.16796378845579e-05,0.000377689595806364,0.00157249661931182,20.66137566,1.607085346,59.92945326,166.2804233,27.63375776,84.89674872,0,0,"rain","NOAG",""
"JG_CO_069_B","p_069","B","TX","Corsicana",32.07507,-96.494779,9.4,186,126,37,7525,353,14,339,225,279,279,85,965,130,48,27,309,183,183,209,148,0.0904609138548212,0.474405332453844,0.0180410949401819,0.00261039792870024,0.00445847239421498,4.18695580738894e-05,0.00616616784514548,7.36868254794848e-05,0.00158398408777915,0.000158584513596045,0.00547675497378637,0.0338241410165213,0.00196549790650957,0.00605238622532506,0.000820245061323774,0.000286580358424584,0.000346348795651564,2.78990818472459e-05,0.000402592123151067,4.1029526656684e-05,0.000190424412049009,5.77833987664706e-05,0.000396026993043331,0.00164675799602824,20.66137566,1.607085346,59.92945326,166.2804233,27.63375776,84.89674872,0,0,"rain","NOAG",""
"JG_CO_069_C","p_069","C","TX","Corsicana",32.07507,-96.494779,9.4,186,126,37,7525,353,14,339,225,279,279,85,965,130,48,27,309,183,183,209,148,0.0874396129459802,0.455113049526725,0.0152074710755758,0.00248471573273149,0.00418608322615604,5.41037851215688e-05,0.00573763327958045,6.66957191441882e-05,0.00175665036945029,0.000168976307744426,0.00480892616535772,0.0361153146905552,0.00206136203597163,0.00685700862727333,0.000752944410037762,0.000251547478678689,0.000396377877534003,2.95551634191118e-05,0.000424751054452854,4.2680041192979e-05,0.000211402589026977,5.77090080337258e-05,0.000335192762338781,0.00135831717770864,20.66137566,1.607085346,59.92945326,166.2804233,27.63375776,84.89674872,0,0,"rain","NOAG",""
"JG_CO_069_D","p_069","D","TX","Corsicana",32.07507,-96.494779,9.4,186,126,37,7525,353,14,339,225,279,279,85,965,130,48,27,309,183,183,209,148,0.0810882858559459,0.428103879061952,0.014854421576906,0.00229716786692937,0.00384658141522427,5.46734327500035e-05,0.00545602005584711,7.86053052474362e-05,0.00119838370670092,0.00013879663328721,0.00445607010082704,0.0318888642999524,0.00192596700134256,0.00545207641930304,0.000556693751678438,0.000257078629276931,0.000305201849745355,3.10195406198929e-05,0.000430063415516122,3.75418575032922e-05,0.0001626199458588,5.31523448198934e-05,0.00042773174392484,0.00164065186376572,20.66137566,1.607085346,59.92945326,166.2804233,27.63375776,84.89674872,0,0,"rain","NOAG",""
"JG_CO_069_E","p_069","E","TX","Corsicana",32.07507,-96.494779,9.4,186,126,37,7525,353,14,339,225,279,279,85,965,130,48,27,309,183,183,209,148,0.0865599833161354,0.464057003109037,0.0172913486933307,0.0024569642901927,0.00440326470526988,4.86805540506689e-05,0.00597243495417748,8.44446541368124e-05,0.00146954052017484,0.000146902282592898,0.00534687237776971,0.0292046719835878,0.00170093524724755,0.00539060713073402,0.00065416122398504,0.000258209510519674,0.000337803774037113,2.78423841528979e-05,0.000412972255441159,5.22259220338632e-05,0.000214629362861955,6.20292532569296e-05,0.000433613027297643,0.00159329968281393,20.66137566,1.607085346,59.92945326,166.2804233,27.63375776,84.89674872,0,0,"rain","NOAG",""
"JG_CO_076_A","p_076","A","TX","Crockett Co.",30.707242,-101.446998,9.4,183,152,42,7440,348,-9,357,235,82,274,82,447,78,15,49,181,52,133,52,687,0.111546183319764,0.556000164801711,0.0170300796200368,0.00323133629236724,0.00506397909366949,4.74162598454838e-05,0.00660350129156033,9.73505511564015e-05,0.000936226212584167,0.000171557466818857,0.00537632693423457,0.0414683003281802,0.00231200403786024,0.00958814868437763,0.000803875471241811,0.000326162926350392,0.000513463271237578,3.53093912062298e-05,0.00049553804687668,4.93573777020214e-05,0.00021675064686614,9.26876213877462e-05,0.000487092775930052,0.00209661808402999,19.78908073,1.701819879,78.29203609,157.0972157,30.7886032,37.06618448,0,0,"rain","NOAG",""
"JG_CO_078_E","p_078","E","TX","Fort Stockton",30.901998,-102.873772,10.2,184,166,45,7286,357,-5,362,234,107,276,89,334,60,10,55,138,35,116,38,902,0.120643379831648,0.594862449559954,0.0193056399999865,0.00323125238702479,0.00555652325997404,3.61630058357292e-05,0.00739234400698429,0.000117160208118986,0.00177844461858014,0.000185202126686833,0.00608641217033982,0.0412219758365285,0.00212094654606293,0.0100337124860274,0.00116113753151443,0.000378976298294174,0.000626670758455057,2.06753968485852e-05,0.000540877339904195,6.61378239227822e-05,0.000261426419115308,9.35647134830774e-05,0.000712012653938067,0.00221292832863114,19.91161852,1.551258155,81.80902454,153.1160298,33.92820208,27.55828674,0,0,"rain","NOAG",""
"JG_CO_080_B","p_080","B","TX","Marfa",30.3362,-104.127639,10.2,157,175,49,6453,326,-25,351,226,87,237,72,291,52,5,75,155,22,146,26,1474,0.10841971530438,0.490115097697572,0.0137641974393784,0.00269255877862398,0.00465030526293353,5.39725819155537e-05,0.00589920258158529,0.000110802334829509,0.000740549859709966,0.000190843192851959,0.00500640863677461,0.0462599717164542,0.00286785125538964,0.00995915476451902,0.000733240067469601,0.000309968219176185,0.000361105882199338,3.11254678731673e-05,0.000595839039805534,7.0253876604775e-05,0.000184369600427871,8.49622201780989e-05,0.000397084221255685,0.00157619112885547,19.5130007,1.262356524,78.70625439,149.6886859,33.8997517,29.92328414,0,0,"rain","NOAG",""
"JG_CO_080_C","p_080","C","TX","Marfa",30.3362,-104.127639,10.2,157,175,49,6453,326,-25,351,226,87,237,72,291,52,5,75,155,22,146,26,1474,0.0838601315047025,0.432343036108682,0.0140297492022846,0.00258725795428312,0.00385765099173178,5.42835327176001e-05,0.00547217193387885,8.32963462528968e-05,0.00120379075842888,0.000143840743137601,0.00447802431405646,0.0317965502238906,0.00187742957775009,0.0064787649255405,0.000709721732717533,0.000233760281694678,0.000331218998887656,2.57541982225939e-05,0.000344431916634676,4.75991359472033e-05,0.000195415343687936,6.98923066064221e-05,0.000321755464669861,0.00122831539105551,19.5130007,1.262356524,78.70625439,149.6886859,33.8997517,29.92328414,0,0,"rain","NOAG",""
"JG_CO_080_D1","p_080","D1","TX","Marfa",30.3362,-104.127639,10.2,157,175,49,6453,326,-25,351,226,87,237,72,291,52,5,75,155,22,146,26,1474,0.0936251748447576,0.49501807863576,0.0175304939823809,0.00274010902585544,0.00458665659009061,3.93233253895142e-05,0.00634055701454431,9.63192549361223e-05,0.00119053796458759,0.000158441689479336,0.00528461065018086,0.0328711674803518,0.0017611270650975,0.00402132602760949,0.000741878409223765,0.000279555474888781,0.000376915952392481,2.52304743882696e-05,0.000459259937269873,6.1897055352149e-05,0.000217409647319416,5.6090221122751e-05,0.000335045888497139,0.00171136193989029,19.5130007,1.262356524,78.70625439,149.6886859,33.8997517,29.92328414,0,0,"rain","NOAG",""
"JG_CO_081_B","p_081","B","NM","Las Cruces",32.336918,-106.707024,10.2,154,180,47,7492,342,-35,377,241,149,251,59,251,54,5,73,135,21,117,40,1307,0.0877809494147695,0.462300003990433,0.0170991353783641,0.00262835366017141,0.00428114204844278,5.50715076008619e-05,0.00579185765165529,9.15398586916101e-05,0.00140286062703748,0.000187693073125312,0.00516497705971357,0.0313401380432571,0.00371543816592662,0.0122398240448393,0.000750254730149383,0.000286646883297822,0.000378113567439821,3.15607952818247e-05,0.000420123799285023,4.46573661750718e-05,0.000212677680165085,7.32596911419214e-05,0.000446828283128192,0.00135379716031398,16.60088624,1,80.32806173,151.6097486,33.20706509,18.33088853,0,0,"rain","NOAG",""
"JG_CO_081_D","p_081","D","NM","Las Cruces",32.336918,-106.707024,10.2,154,180,47,7492,342,-35,377,241,149,251,59,251,54,5,73,135,21,117,40,1307,0.0908241832333083,0.477829010721013,0.0182496112030119,0.00282944830546432,0.00460772931846561,4.98109712485718e-05,0.00641318674115082,7.16740898400355e-05,0.00147742469021617,0.000168838154922808,0.0055702315083838,0.0345394529667674,0.00274608668641124,0.00827755124652718,0.000777487640652885,0.000338846453217409,0.000460090404212676,3.21387331541062e-05,0.000554644216866973,4.28883131975044e-05,0.000183761640644387,6.29052917562997e-05,0.000384096247829255,0.00164775221757151,16.60088624,1,80.32806173,151.6097486,33.20706509,18.33088853,0,0,"rain","NOAG",""
"JG_CO_085_A","p_085","A","AZ","Eloy",32.733692,-111.585258,10.2,211,182,47,7570,407,24,383,304,244,309,117,279,48,6,50,111,22,91,76,473,0.107930151351664,0.496712312129079,0.0122765068710905,0.00273714318561037,0.00451158287436715,5.23905441737473e-05,0.00622823070547971,0.000113375840220492,0.000984812793220929,0.000145648970152962,0.00459636977371326,0.0474560007667472,0.00553837565407885,0.0169801335599572,0.00092766864753851,0.000342090548571653,0.000383154031570674,2.8083514628929e-05,0.000572803819784201,7.80412576522784e-05,0.000163598188534028,6.45705340888089e-05,0.000505798670402133,0.00249855548002305,17.46435365,0.978011109,80.60290649,154.987674,35.46605836,19.2713802,0.039945218,2,"irrigation","AG","GFSAD categorizes as non-cropland but this pop is located in a drainage ditch next to an irrigation channel"
"JG_CO_089_A","p_089","A","CA","La Verne",34.101116,-117.793975,11.1,177,154,54,4560,332,48,284,129,233,240,123,486,104,1,92,283,7,16,267,311,0.0989706682698025,0.539733724512286,0.0188405487575764,0.00316593618259913,0.00482289202299374,3.80687715525512e-05,0.0070366660218268,8.08654344159504e-05,0.00169359978671501,0.000158294127904963,0.00570011749099517,0.0365146085719301,0.00180542711817172,0.00434890534317425,0.000878760267227079,0.00032080993126086,0.000402466132282258,2.50104737826586e-05,0.00048397003864577,4.0730759271531e-05,0.000230655991669486,7.46947777344435e-05,0.000451917939283977,0.00194062157224193,25.18191354,1.7956095,74.27781524,146.5748108,30.00213494,31.84738143,0.035963138,0,"rain","NOAG",""
"JG_CO_089_B","p_089","B","CA","La Verne",34.101116,-117.793975,11.1,177,154,54,4560,332,48,284,129,233,240,123,486,104,1,92,283,7,16,267,311,0.0985977977608202,0.528933726095364,0.0185447571310355,0.00309178733784415,0.00506079051207805,4.27406464358308e-05,0.0070553421834975,9.62037715825948e-05,0.00169302183859332,0.000163817284804792,0.00567340821651736,0.0348266789600193,0.00191180006738333,0.00439448150150454,0.000786767342671632,0.000339969552050912,0.000392323469105978,2.89373125913735e-05,0.000559275167548355,4.22766769831251e-05,0.000269501030419804,7.02041190960693e-05,0.000435217552737664,0.00195902455681373,25.18191354,1.7956095,74.27781524,146.5748108,30.00213494,31.84738143,0.035963138,0,"rain","NOAG",""
"JG_CO_089_D","p_089","D","CA","La Verne",34.101116,-117.793975,11.1,177,154,54,4560,332,48,284,129,233,240,123,486,104,1,92,283,7,16,267,311,0.0935549798628049,0.503170686409038,0.017229536101486,0.00301300604109297,0.0045316809766301,5.05686706611794e-05,0.00665770731603414,9.92773591186795e-05,0.00144150264858462,0.000160121668904291,0.00521209970048597,0.0331412599720197,0.00236808542836943,0.00708181841439006,0.00077191404639698,0.000366268007868999,0.000399126809561063,2.81311774446631e-05,0.000530017163947642,5.73283712499704e-05,0.000196534858899576,7.4421685672204e-05,0.000412552915103164,0.001573740210544,25.18191354,1.7956095,74.27781524,146.5748108,30.00213494,31.84738143,0.035963138,0,"rain","NOAG",""
"JG_CO_092_A","p_092","A","CA","Alameda",35.256692,-118.979182,11.1,187,148,43,6745,370,32,338,118,272,272,101,175,32,0,79,94,3,3,82,102,0.0960574533545224,0.521930113668323,0.0177987044515821,0.00292303515796548,0.00478478525695117,3.39254897660755e-05,0.00669586782856194,9.0888333292252e-05,0.00145849022613072,0.000189715437880713,0.00543478473920996,0.0359448605199027,0.0022807234448171,0.00783668069430056,0.000806968149265183,0.000313125302997837,0.000446865569813729,2.30413534036006e-05,0.000489459008189704,5.36355791317337e-05,0.00024948973883668,7.37559978615866e-05,0.000524513679268902,0.00154142574659603,21.26631198,3.195226483,79.05394222,158.3753048,30.56203466,17.17222715,4.133451563,1,"irrigation","AG","Collection notes mention irrigation"
"JG_CO_092_B","p_092","B","CA","Alameda",35.256692,-118.979182,11.1,187,148,43,6745,370,32,338,118,272,272,101,175,32,0,79,94,3,3,82,102,0.0973130484904552,0.527854595578837,0.0178673431466701,0.00295087302502399,0.00472920497903156,3.74775067311894e-05,0.00667253828528457,8.38379426665797e-05,0.00107697680176449,0.000164362827110864,0.00567196349004727,0.0352389827193704,0.00267680415960279,0.00873972447554975,0.0010936138030296,0.000335476070596753,0.000473962098690825,2.18403026254205e-05,0.000615980577907228,4.91303439741e-05,0.000220043189409064,6.22771378310941e-05,0.000398228997157333,0.0016429782337314,21.26631198,3.195226483,79.05394222,158.3753048,30.56203466,17.17222715,4.133451563,1,"irrigation","AG","Collection notes mention irrigation"
"JG_CO_092_C","p_092","C","CA","Alameda",35.256692,-118.979182,11.1,187,148,43,6745,370,32,338,118,272,272,101,175,32,0,79,94,3,3,82,102,0.0973010973594358,0.49943757338337,0.0175224542328647,0.00300932656153391,0.00484017925067554,3.58011964238285e-05,0.0065681760993381,8.84363137932396e-05,0.00148557579049974,0.000163335135704722,0.00549816275761623,0.0330811083896934,0.00195386256834323,0.00516413928176509,0.000650781388606407,0.000330315975121087,0.00041809079453232,2.20872199504159e-05,0.000415009722052145,4.51105709271469e-05,0.0002431835317045,6.84485853139773e-05,0.000363941572921418,0.00151400325813603,21.26631198,3.195226483,79.05394222,158.3753048,30.56203466,17.17222715,4.133451563,1,"irrigation","AG","Collection notes mention irrigation"
"JG_CO_092_D","p_092","D","CA","Alameda",35.256692,-118.979182,11.1,187,148,43,6745,370,32,338,118,272,272,101,175,32,0,79,94,3,3,82,102,0.101737330141686,0.527981128231278,0.0191462483323556,0.00293196834784049,0.00489585843204723,3.38331216207397e-05,0.00693694283399581,7.78625982925944e-05,0.001285181826099,0.000171094502062214,0.0057554450491475,0.0358296593220609,0.00204438097653523,0.0045354607763321,0.000866277893976324,0.000335524607845639,0.000398981285033114,2.72048788007912e-05,0.000440114174425538,4.39592944960175e-05,0.000176479218719499,7.39518970652918e-05,0.00041521567830885,0.00181699172635667,21.26631198,3.195226483,79.05394222,158.3753048,30.56203466,17.17222715,4.133451563,1,"irrigation","AG","Collection notes mention irrigation"
"JG_CO_092_E","p_092","E","CA","Alameda",35.256692,-118.979182,11.1,187,148,43,6745,370,32,338,118,272,272,101,175,32,0,79,94,3,3,82,102,0.101651719123767,0.53148269673553,0.0187800252515652,0.00317042727805426,0.00489657868447884,4.18774395994796e-05,0.00713847479266601,7.70736613247798e-05,0.00132145161133131,0.000173412724481593,0.00585905914363162,0.0350452603591046,0.00253405532449737,0.00812295985558486,0.000976864458042954,0.00038888133213695,0.000435702200466751,2.59892914712818e-05,0.000574357669972626,4.72148485678875e-05,0.000233704111801561,8.0781122861128e-05,0.000475837416656161,0.0023340084025026,21.26631198,3.195226483,79.05394222,158.3753048,30.56203466,17.17222715,4.133451563,1,"irrigation","AG","Collection notes mention irrigation"
"JG_CO_092_F","p_092","F","CA","Alameda",35.256692,-118.979182,11.1,187,148,43,6745,370,32,338,118,272,272,101,175,32,0,79,94,3,3,82,102,0.0982402527708832,0.519765816700285,0.0179256629098568,0.00297536168532484,0.00476527634716916,3.50389989043742e-05,0.00700360189031141,9.07771750124357e-05,0.0016560946911573,0.000175068730399589,0.0055796113902549,0.0343900794470796,0.00217889691110344,0.00558745368469982,0.000970075462403015,0.00032723800054242,0.000428606305930762,2.38302043911232e-05,0.000451015665863366,5.18371633865491e-05,0.000243197511045745,7.35088924890442e-05,0.000423453720202472,0.00158585129538134,21.26631198,3.195226483,79.05394222,158.3753048,30.56203466,17.17222715,4.133451563,1,"irrigation","AG","Collection notes mention irrigation"
"JG_CO_093_A","p_093","A","CA","Wasco",35.55917,-119.40322,11.1,172,159,45,6917,365,12,353,104,259,259,83,162,31,0,80,89,3,3,79,89,0.102064612862063,0.543458994864841,0.0197975957384924,0.00316753988175617,0.00495973615791098,3.30074199412842e-05,0.00716793842281529,8.90364887941104e-05,0.00171126758814707,0.000171019512132508,0.00590412054753574,0.0358404577460552,0.00212012174136822,0.00421447192234574,0.000893949016295041,0.000334255144885612,0.000435730622507099,2.50275949537854e-05,0.00056223073922115,4.47689796173414e-05,0.000240160535128046,7.62187767229025e-05,0.000440596584988244,0.00139637081124943,18.54385578,1.812214864,78.70676968,159.2783664,27.6765103,15.35678808,3.006181015,1,"irrigation","AG","Collection notes mention irrigation"
"JG_CO_093_B","p_093","B","CA","Wasco",35.55917,-119.40322,11.1,172,159,45,6917,365,12,353,104,259,259,83,162,31,0,80,89,3,3,79,89,0.104594931435982,0.565770265154895,0.0200661014199566,0.00322517639228516,0.00530254686949129,3.89728486845004e-05,0.00743315495652877,7.55289232764177e-05,0.00155828720983272,0.000178632720860876,0.0062024090939456,0.0355648856690598,0.00230102878999299,0.00789307781534196,0.000916250690829436,0.000400865173984226,0.00052281995223595,2.45696386746725e-05,0.000656985859746632,4.44171735709187e-05,0.000248453012896599,7.04615794728173e-05,0.000563518527846248,0.00197999407978403,18.54385578,1.812214864,78.70676968,159.2783664,27.6765103,15.35678808,3.006181015,1,"irrigation","AG","Collection notes mention irrigation"
"JG_CO_093_C","p_093","C","CA","Wasco",35.55917,-119.40322,11.1,172,159,45,6917,365,12,353,104,259,259,83,162,31,0,80,89,3,3,79,89,0.0894398813777197,0.449235794164573,0.0138383207506312,0.00248679333323939,0.00408313125507572,5.34964347960106e-05,0.00564270688233665,8.99857288188363e-05,0.00102387096037128,0.000150144236508838,0.00454564263856505,0.0317500380202478,0.00582200822894449,0.0224247694786237,0.000943036513560814,0.000301225303275892,0.00036137645863705,3.13948406431828e-05,0.000685815839244237,5.08333499348648e-05,0.000151778940369991,5.37680478803645e-05,0.000500573591150213,0.00212728616921335,18.54385578,1.812214864,78.70676968,159.2783664,27.6765103,15.35678808,3.006181015,1,"irrigation","AG","Collection notes mention irrigation"
"JG_CO_093_E","p_093","E","CA","Wasco",35.55917,-119.40322,11.1,172,159,45,6917,365,12,353,104,259,259,83,162,31,0,80,89,3,3,79,89,0.10580238063398,0.553764908945401,0.0199267279071162,0.00326421535503627,0.00485568832017011,3.67342610177894e-05,0.00726422714115597,8.75545790141595e-05,0.00183942882312661,0.000181797269235862,0.00618751531281624,0.0370733890954597,0.00235843469326459,0.00550502113245718,0.00090272116501736,0.000377694044884439,0.000524325982918531,2.16383453417333e-05,0.00052328108497403,5.68660096523997e-05,0.000290863215440924,7.25692843768638e-05,0.000441022473463467,0.00165094713196687,18.54385578,1.812214864,78.70676968,159.2783664,27.6765103,15.35678808,3.006181015,1,"irrigation","AG","Collection notes mention irrigation"
"JG_CO_095_A","p_095","A","CA","Corcoran",36.123151,-119.49704,11.1,171,158,45,6876,367,18,349,102,257,257,82,198,38,0,82,106,2,2,102,68,0.0978962894686995,0.506096850377159,0.017352989138031,0.00292641823083047,0.00460378764708318,4.39733815093738e-05,0.0065688837733603,8.87245764336422e-05,0.00146680433150808,0.000160011145930745,0.00566822229621679,0.0344275382170456,0.00209269276143,0.0046962903786699,0.000815563555467094,0.000313356494636673,0.000414342218938426,3.14928397869456e-05,0.000458239727154539,4.87097729262601e-05,0.000183904245954106,6.72339340607841e-05,0.000425655668004726,0.00173222056583789,18.67170832,1.873812655,76.71394125,159.8478737,27.766446,19.82586219,3,1,"irrigation","AG","Collection notes mention irrigation"
"JG_CO_095_B","p_095","B","CA","Corcoran",36.123151,-119.49704,11.1,171,158,45,6876,367,18,349,102,257,257,82,198,38,0,82,106,2,2,102,68,0.0995588721225224,0.529775968060271,0.0191030151876715,0.00305546291688421,0.00491988976306913,4.57014532510845e-05,0.00674249151921764,8.42971186984691e-05,0.00147556449073304,0.000172597038071359,0.00592267231744528,0.0341246283866013,0.00224238644122489,0.00425320180417955,0.000767876079190639,0.000407904975628378,0.000450391659994278,2.58160506038368e-05,0.000472660517304937,4.84589136369744e-05,0.000223777987416644,7.71351566349931e-05,0.000416960935946681,0.00204798344909805,18.67170832,1.873812655,76.71394125,159.8478737,27.766446,19.82586219,3,1,"irrigation","AG","Collection notes mention irrigation"
"JG_CO_095_D","p_095","D","CA","Corcoran",36.123151,-119.49704,11.1,171,158,45,6876,367,18,349,102,257,257,82,198,38,0,82,106,2,2,102,68,0.0977842918789891,0.530432715704999,0.0183167406386388,0.00289331778466747,0.0048661059088821,4.33892294130034e-05,0.00692508214772211,7.52137233061312e-05,0.00163476762250294,0.000179797661563158,0.00552930888822053,0.0344753023233425,0.00200888189988469,0.00519959484059794,0.00082855517691622,0.000325643515414022,0.000459027439842712,2.80737695671945e-05,0.000511622337946732,3.56460844428906e-05,0.000227150887240534,9.91564838330904e-05,0.000548917433791366,0.00140979872558461,18.67170832,1.873812655,76.71394125,159.8478737,27.766446,19.82586219,3,1,"irrigation","AG","Collection notes mention irrigation"
"JG_CO_095_E","p_095","E","CA","Corcoran",36.123151,-119.49704,11.1,171,158,45,6876,367,18,349,102,257,257,82,198,38,0,82,106,2,2,102,68,0.0999228919703973,0.53039776648053,0.0183553154812025,0.00301857364416565,0.00473145713797962,3.62969037174747e-05,0.00682216284943563,9.81324318645198e-05,0.00201707891507661,0.000174818210741101,0.00562969827068089,0.0377438949568699,0.00356010418127484,0.0134942456765447,0.000888878378808864,0.000295481355774169,0.000521853313881474,2.30901911048791e-05,0.000613864314791297,5.38189826078894e-05,0.000304808118752285,8.13177958510914e-05,0.0004850717337568,0.00242959737916364,18.67170832,1.873812655,76.71394125,159.8478737,27.766446,19.82586219,3,1,"irrigation","AG","Collection notes mention irrigation"
"JG_CO_098_A","p_098","A","CA","Sanger",36.69363,-119.621514,11.1,170,152,44,6833,365,25,340,100,256,256,83,300,58,0,82,161,3,3,152,108,0.0955582073733654,0.496566286082341,0.0188481943624935,0.00282863734637541,0.00477822574210557,5.16848506102258e-05,0.00661414522161463,8.4555586524449e-05,0.00144917584699769,0.000171787982804658,0.0057313311938045,0.0329761151048827,0.00182090762090075,0.00734630518360392,0.000797885990486109,0.000293054019058847,0.000495212909834829,2.8819156712107e-05,0.000443328437778379,4.99890386547538e-05,0.000255409678561874,6.31368595855561e-05,0.000360588434719574,0.00126306872665566,20.21796268,1.688811443,77.88295941,158.2623248,28.4807787,28.8540986,2.384447833,1,"irrigation","AG","Collection notes mention irrigaiton"
"JG_CO_098_B","p_098","B","CA","Sanger",36.69363,-119.621514,11.1,170,152,44,6833,365,25,340,100,256,256,83,300,58,0,82,161,3,3,152,108,0.0932243493850246,0.498432251370049,0.0180196812796211,0.00282953150483927,0.00447869885022441,4.93000786770449e-05,0.00657315115783071,8.23232589916042e-05,0.00141492103926268,0.000162480111924409,0.00525870737776666,0.0334144284932403,0.00193339552375859,0.00514657491972182,0.000717288570264635,0.000300992546219448,0.000440162319238911,3.14891834518564e-05,0.000592123144724722,5.04681309559641e-05,0.000174969545941793,6.97944790579698e-05,0.000437196439199367,0.00147239577106,20.21796268,1.688811443,77.88295941,158.2623248,28.4807787,28.8540986,2.384447833,1,"irrigation","AG","Collection notes mention irrigaiton"
"JG_CO_098_C","p_098","C","CA","Sanger",36.69363,-119.621514,11.1,170,152,44,6833,365,25,340,100,256,256,83,300,58,0,82,161,3,3,152,108,0.0935341074837432,0.494890483938485,0.018651054909221,0.00299134668118462,0.00471071747949777,5.2337871881037e-05,0.00670674123715742,8.13517857769429e-05,0.00160965310744716,0.000157277362748578,0.00549731657331972,0.0335876451418517,0.00194966036327707,0.00535188556489985,0.000691014253632727,0.000371404422499739,0.000355202055464649,2.67939627170214e-05,0.000528803603209484,4.6500553780031e-05,0.000233264533629511,6.56291907069404e-05,0.000396895959956898,0.00172697730552974,20.21796268,1.688811443,77.88295941,158.2623248,28.4807787,28.8540986,2.384447833,1,"irrigation","AG","Collection notes mention irrigaiton"
"JG_CO_098_F","p_098","F","CA","Sanger",36.69363,-119.621514,11.1,170,152,44,6833,365,25,340,100,256,256,83,300,58,0,82,161,3,3,152,108,0.0868629411345519,0.476816230435087,0.0175080353643369,0.00270355675395583,0.00440838893033424,4.89671543625827e-05,0.00605650057381727,7.13721488148596e-05,0.00103186965217797,0.000155153448648035,0.00514870528004147,0.030332215380181,0.00233677489440576,0.00962616907752107,0.000653725232500631,0.00029463566823869,0.000397272378380929,2.67038619811237e-05,0.000474493550037655,4.0231131240913e-05,0.000174772679908803,6.33326302731894e-05,0.000351854205648516,0.00129410587518303,20.21796268,1.688811443,77.88295941,158.2623248,28.4807787,28.8540986,2.384447833,1,"irrigation","AG","Collection notes mention irrigaiton"
"JG_CO_099_B","p_099","B","CA","LeGrand",37.221041,-120.243921,11.1,164,158,46,6627,362,20,342,81,249,249,81,334,62,0,83,170,3,3,170,78,0.102924215337898,0.545388973457027,0.0195278336373125,0.00315575912674102,0.00492731036967805,3.09942218886822e-05,0.00724836531797225,0.000107493678121783,0.00147074908946639,0.000161017396679777,0.00584612720126282,0.0352071225761768,0.00234532229958131,0.00565464619693946,0.00100211808353616,0.000375461353860612,0.000511420928073815,2.42465654721839e-05,0.000589560911189132,6.90865858118476e-05,0.000254765188449497,7.50209026024366e-05,0.000475975629585939,0.00172962853526752,25.75286239,1.727298913,74.03341254,154.4554619,27.06406459,32.34921149,3,3,"rain","AG",""
"JG_CO_099_E","p_099","E","CA","LeGrand",37.221041,-120.243921,11.1,164,158,46,6627,362,20,342,81,249,249,81,334,62,0,83,170,3,3,170,78,0.104724914139629,0.556979833199766,0.019932827279178,0.00317751202750709,0.0050721857490014,3.58345824632265e-05,0.00798407122607137,9.61151033203415e-05,0.00132868675352199,0.000155096179487453,0.00631227693556262,0.035515607943796,0.002410183814229,0.00732021157103087,0.00121735667827833,0.000326666767777199,0.000410127993188768,2.30056690434827e-05,0.000537865656755966,6.11137257436361e-05,0.000243987416709117,7.33924876767295e-05,0.000453579317080929,0.00138165685535384,25.75286239,1.727298913,74.03341254,154.4554619,27.06406459,32.34921149,3,3,"rain","AG",""
"JG_CO_102_A","p_102","A","CA","Modesto",37.722175,-121.022255,11.1,164,147,46,6149,348,29,319,85,240,240,85,312,61,1,80,158,5,5,158,31,0.0955138392869153,0.517210332912985,0.0178698164039108,0.00288862130782721,0.004672608346853,4.27297823030631e-05,0.00695669668053001,9.13290248822697e-05,0.00157605890431392,0.000158901560462736,0.00547332743439315,0.0329983235317429,0.00212399343627729,0.00433042183019928,0.000778260070298491,0.000318528022971195,0.000382641831431082,2.98578048487699e-05,0.000595398069622192,5.86154011556689e-05,0.000216317937147233,6.83937038547043e-05,0.000453872810760914,0.00174348490977066,22.59856938,1.986623748,72.49363376,152.3426323,25.19778827,31.7922568,1,2,"irrigation","AG","NOTE: this is in a field across from irrigated ag land so likely recieves a small amount of runoff"
"JG_CO_102_B","p_102","B","CA","Modesto",37.722175,-121.022255,11.1,164,147,46,6149,348,29,319,85,240,240,85,312,61,1,80,158,5,5,158,31,0.0876775041574155,0.429106067095938,0.0109315796966846,0.00225570405019094,0.0037082369717501,5.73245795048237e-05,0.00521984294018658,7.83090495400778e-05,0.00086996447598664,0.000127307343012459,0.00382551345860706,0.0330651813408859,0.00157000472082823,0.00699820996454981,0.000470822434118539,0.000240927792510656,0.000293209184294367,3.35283107225848e-05,0.000400378068658439,3.45999997001011e-05,0.000134997594945856,4.9986112635661e-05,0.000303238420281881,0.00113019999498598,22.59856938,1.986623748,72.49363376,152.3426323,25.19778827,31.7922568,1,2,"irrigation","AG","NOTE: this is in a field across from irrigated ag land so likely recieves a small amount of runoff"
"JG_CO_102_E","p_102","E","CA","Modesto",37.722175,-121.022255,11.1,164,147,46,6149,348,29,319,85,240,240,85,312,61,1,80,158,5,5,158,31,0.0927608614267874,0.44664308820278,0.0110514854086808,0.00229179177173268,0.0038899722696906,4.50755599235765e-05,0.00522900583453376,8.45352543227495e-05,0.000985032041564079,0.000132351348018762,0.00399609850848867,0.0343721095495454,0.00217614838211543,0.00648319128006143,0.000507767442343352,0.000258857124608778,0.000376312516540198,3.08303953090217e-05,0.00041552196122095,4.64202113789232e-05,0.000146773046539739,6.37247431098041e-05,0.000301123213449223,0.00135795094917141,22.59856938,1.986623748,72.49363376,152.3426323,25.19778827,31.7922568,1,2,"irrigation","AG","NOTE: this is in a field across from irrigated ag land so likely recieves a small amount of runoff"
"JG_CO_102_F","p_102","F","CA","Modesto",37.722175,-121.022255,11.1,164,147,46,6149,348,29,319,85,240,240,85,312,61,1,80,158,5,5,158,31,0.0848437688983697,0.465956973093033,0.0164623770184571,0.00267168970131742,0.00419972764566189,5.53827454903042e-05,0.00632017115880439,8.02266990887565e-05,0.00117884299162855,0.000141217768368689,0.00490126558171947,0.0308696150586301,0.00178585629621754,0.00880820652982961,0.000616613219413546,0.000276165839531143,0.000403299042963594,3.13783507432764e-05,0.000398936331064284,4.67666136728085e-05,0.000168068438426774,5.92676446555738e-05,0.000365346197262017,0.00127275355719688,22.59856938,1.986623748,72.49363376,152.3426323,25.19778827,31.7922568,1,2,"irrigation","AG","NOTE: this is in a field across from irrigated ag land so likely recieves a small amount of runoff"
"JG_CO_104_A","p_104","A","CA","Acampo",38.203687,-121.24064,11.1,156,147,48,5715,330,28,302,82,225,225,82,451,89,1,83,229,7,7,229,22,0.0878523320112962,0.422623020489649,0.0113801256721016,0.00231721642884692,0.00372902103443161,4.46624622770891e-05,0.00492028811787733,7.33430674941415e-05,0.000106179047527596,0.000138901587901879,0.00385252164984926,0.0329444782121362,0.0057905164137961,0.0240162570934607,0.00110636102291852,0.000263470802806717,0.000409649717627004,2.58289832245182e-05,0.000435971961567922,3.44893615261728e-05,4.88973419128241e-05,6.09349775839503e-05,0.00041054632456092,0.00229532109676222,18.15288434,1.669366297,74.25206024,167.4035237,27.17973288,42.52760017,3,2,"irrigation","AG","NOTE: drainage ditch across from irrigated cropland"
"JG_CO_104_B","p_104","B","CA","Acampo",38.203687,-121.24064,11.1,156,147,48,5715,330,28,302,82,225,225,82,451,89,1,83,229,7,7,229,22,0.0899695189026678,0.430979382240505,0.0107259824889925,0.00220983136027694,0.00375645367033636,5.20010243647622e-05,0.00505603083014531,6.96725285687919e-05,0.000574793741523089,0.000140747110870434,0.00368417170152193,0.0340173141472836,0.0017639378929668,0.00880945340425445,0.000522106729329352,0.000247106842567219,0.000361839324247897,3.32815208507002e-05,0.000406170181010899,4.00366152394977e-05,0.000131619865317875,4.38722743066321e-05,0.000267237284001096,0.00115460282472759,18.15288434,1.669366297,74.25206024,167.4035237,27.17973288,42.52760017,3,2,"irrigation","AG","NOTE: drainage ditch across from irrigated cropland"
"JG_CO_104_C","p_104","C","CA","Acampo",38.203687,-121.24064,11.1,156,147,48,5715,330,28,302,82,225,225,82,451,89,1,83,229,7,7,229,22,0.0895020463529947,0.430734762616089,0.010605713640233,0.0023306826785191,0.00367651656166459,4.50071230365266e-05,0.00517208043562409,9.29021831265683e-05,0.0013613150589268,0.000129986635275012,0.00394137758072289,0.0335760358621931,0.00289936868352257,0.0114786618674466,0.000632581620318197,0.000276014710998446,0.000357253191453682,2.3969112528513e-05,0.000386868315300268,4.69186985201543e-05,0.000153898612785929,4.02637553474835e-05,0.000355634095866949,0.00162228045598031,18.15288434,1.669366297,74.25206024,167.4035237,27.17973288,42.52760017,3,2,"irrigation","AG","NOTE: drainage ditch across from irrigated cropland"
"JG_CO_104_D","p_104","D","CA","Acampo",38.203687,-121.24064,11.1,156,147,48,5715,330,28,302,82,225,225,82,451,89,1,83,229,7,7,229,22,0.0910454375384706,0.432729997889298,0.0108447429499957,0.00221759463278749,0.00371736412641032,5.32644009685435e-05,0.00502198775690719,9.26113892346115e-05,0.000907929702302291,0.000136698064533584,0.00382253144694723,0.0347490430186026,0.00234176347193471,0.0103236275994057,0.000478033038807558,0.000251815440094316,0.000313873052658861,3.23518997596584e-05,0.000381367455652516,5.15953911024458e-05,0.000151817126372877,4.50292428423071e-05,0.00029267735253525,0.00143671046729272,18.15288434,1.669366297,74.25206024,167.4035237,27.17973288,42.52760017,3,2,"irrigation","AG","NOTE: drainage ditch across from irrigated cropland"
"JG_CO_104_E","p_104","E","CA","Acampo",38.203687,-121.24064,11.1,156,147,48,5715,330,28,302,82,225,225,82,451,89,1,83,229,7,7,229,22,0.0858753668023324,0.420769587671202,0.0117763636245653,0.00229765097938363,0.00373694715501134,5.36281165397183e-05,0.00506565568681498,8.57995295904582e-05,0.00144385060629379,0.00014262685293493,0.0040074747008523,0.0326354021393458,0.00162514545681045,0.00480527659280089,0.0005940531180417,0.000210758951745887,0.000305186480546877,2.58326235937053e-05,0.000410086174536471,4.78709516243077e-05,0.000184613822108558,5.39013667310608e-05,0.00032409538631483,0.00116916454622468,18.15288434,1.669366297,74.25206024,167.4035237,27.17973288,42.52760017,3,2,"irrigation","AG","NOTE: drainage ditch across from irrigated cropland"
"JG_CO_106_A","p_106","A","UT","St. George",37.062871,-113.52938,10.2,168,169,40,8806,389,-24,413,80,210,284,58,210,27,5,35,77,29,42,67,814,0.0899664283426255,0.438901369955971,0.0117081814982198,0.00223752126475819,0.0037327628803233,5.04687844096595e-05,0.00516369818306675,9.00055123993921e-05,0.00103197926714761,0.000137284728135277,0.00397474768574217,0.03255709654224,0.00291929147764251,0.0108156498432631,0.000595322174741431,0.00030580420154993,0.000252392987811625,2.1531836732528e-05,0.000413639957397767,4.08906081137208e-05,0.000149585420010902,5.27356857381014e-05,0.000389687504442938,0.00142364445668358,20.43058263,1.628113494,80.42567324,148.9851996,30.92801458,17.61120136,4.487329435,1,"irrigation","AG","Collection notes mention irrigation"
"JG_CO_106_B","p_106","B","UT","St. George",37.062871,-113.52938,10.2,168,169,40,8806,389,-24,413,80,210,284,58,210,27,5,35,77,29,42,67,814,0.0875991097363621,0.443312566112227,0.0120732644122769,0.00231990709373131,0.00375951167325465,5.57736888837848e-05,0.00540749069886302,8.09808969522896e-05,0.00103860591500513,0.000120874431556159,0.00409931108902545,0.0320826341391711,0.00184123405141631,0.00489459687893863,0.00059791214330851,0.000254182049066776,0.000347345858683066,2.33912881640534e-05,0.00042707059623299,4.30851294366249e-05,0.00021540171326098,4.64791307851569e-05,0.00032969685773368,0.00140572961693642,20.43058263,1.628113494,80.42567324,148.9851996,30.92801458,17.61120136,4.487329435,1,"irrigation","AG","Collection notes mention irrigation"
"JG_CO_106_D","p_106","D","UT","St. George",37.062871,-113.52938,10.2,168,169,40,8806,389,-24,413,80,210,284,58,210,27,5,35,77,29,42,67,814,0.0855873124878748,0.430397317425627,0.0115222919001823,0.00228789077391233,0.00360504784801704,5.1142919432308e-05,0.00503884830850401,7.63820586966684e-05,0.000916733313493803,0.000122991649545031,0.00396488273394186,0.0321102515867783,0.00139663977295747,0.0058770967569312,0.000575268704871279,0.000270738133179935,0.000332552223212291,2.6498382129724e-05,0.000348080015761482,4.40989606765002e-05,0.000141807148375661,5.03619571539673e-05,0.000359850098128347,0.00103470567019133,20.43058263,1.628113494,80.42567324,148.9851996,30.92801458,17.61120136,4.487329435,1,"irrigation","AG","Collection notes mention irrigation"
"JG_CO_106_F","p_106","F","UT","St. George",37.062871,-113.52938,10.2,168,169,40,8806,389,-24,413,80,210,284,58,210,27,5,35,77,29,42,67,814,0.089145806697555,0.435738647693384,0.0111082076511678,0.00229090873958917,0.00374585452159947,5.10760795326398e-05,0.00506786982656787,8.15634341578301e-05,0.000945383512847979,0.000140868404843552,0.00393352934756406,0.0327030839847106,0.00183464478127188,0.0077126489184216,0.000567358958487561,0.000241872661066904,0.000354867332553218,3.09288862764472e-05,0.000371409494883372,3.45349435545363e-05,0.000162602475542503,4.87793915194304e-05,0.000358001642553484,0.00122790976195748,20.43058263,1.628113494,80.42567324,148.9851996,30.92801458,17.61120136,4.487329435,1,"irrigation","AG","Collection notes mention irrigation"
"JG_CO_107_A","p_107","A","KS","Dorrance",38.853901,-98.59487,9.4,123,142,33,10043,339,-91,430,225,-8,252,-8,664,97,14,51,277,53,259,53,531,0.0887823608922809,0.473570702339516,0.0178532554345653,0.0028239587986566,0.00428035069962287,4.51138099720713e-05,0.00641970061597223,8.16223223428257e-05,0.00220886360037758,0.000152080340099492,0.00531434105680662,0.0317297504654284,0.0015878002587619,0.00450258636518843,0.000780542476336815,0.000330743821499402,0.000383407050533433,2.47839014134673e-05,0.000470119528093207,4.86565823904223e-05,0.00024142719446234,6.61301471951541e-05,0.00037986813001474,0.00156256865097068,23.03446089,2.258703312,70.58463707,160.4940803,23.39693164,57.93516561,2.507399577,3,"rain","AG",""
"JG_CO_107_B","p_107","B","KS","Dorrance",38.853901,-98.59487,9.4,123,142,33,10043,339,-91,430,225,-8,252,-8,664,97,14,51,277,53,259,53,531,0.0834728351821104,0.428812340265035,0.0119735436279068,0.0023075788787054,0.00365236852284518,4.51013262353759e-05,0.00493072620501286,8.42692676420641e-05,0.00101668724002911,0.000121872313868497,0.00398749541951949,0.0318506472861003,0.00177773806625163,0.00575373449049249,0.000588419215663459,0.000258015001795322,0.000311328103396966,2.59334945233718e-05,0.000373077767634018,4.05227418676265e-05,0.000152394770334414,4.51326448684906e-05,0.000333633316533209,0.00122139912970766,23.03446089,2.258703312,70.58463707,160.4940803,23.39693164,57.93516561,2.507399577,3,"rain","AG",""
"JG_CO_107_C","p_107","C","KS","Dorrance",38.853901,-98.59487,9.4,123,142,33,10043,339,-91,430,225,-8,252,-8,664,97,14,51,277,53,259,53,531,0.0864586291041559,0.430302713521085,0.0117556734037163,0.00215561696222162,0.00365580798777434,5.03356560954691e-05,0.00512282391812785,7.66893571608127e-05,0.00135997385166138,0.000143159615284072,0.00400768120576895,0.0333144593291897,0.00147777618527346,0.00606285041794768,0.000527535430250877,0.000268098295806997,0.000298215911894156,2.58994990628943e-05,0.000446542215460777,3.8319332389885e-05,0.000179941412255985,5.83266622931229e-05,0.000302765577818619,0.00124865912261711,23.03446089,2.258703312,70.58463707,160.4940803,23.39693164,57.93516561,2.507399577,3,"rain","AG",""
"JG_CO_107_D","p_107","D","KS","Dorrance",38.853901,-98.59487,9.4,123,142,33,10043,339,-91,430,225,-8,252,-8,664,97,14,51,277,53,259,53,531,0.0804665866889204,0.422106868926659,0.0127499409100694,0.00231201129630699,0.00357898000316313,5.36003674860593e-05,0.00512319223209378,7.60838596985003e-05,0.00115527562719739,0.000138844373811364,0.00423244382533924,0.0301707576643842,0.00190532457345071,0.00627485936820754,0.000549055026070628,0.000255072973549022,0.000246115748292324,3.09287377514708e-05,0.000388969425946761,3.35433165192968e-05,0.000145307924817158,5.08167634281412e-05,0.000365472914835884,0.00110504795175034,23.03446089,2.258703312,70.58463707,160.4940803,23.39693164,57.93516561,2.507399577,3,"rain","AG",""
"JG_CO_107_E","p_107","E","KS","Dorrance",38.853901,-98.59487,9.4,123,142,33,10043,339,-91,430,225,-8,252,-8,664,97,14,51,277,53,259,53,531,0.0805057720069813,0.415302388263994,0.0129311277046482,0.00231790979524219,0.00362763747409184,4.97229996966927e-05,0.0049707156797058,8.15169186518279e-05,0.002095860708522,0.00012775620747272,0.00407897264684325,0.0320880177265983,0.00220687834764329,0.00716832838332654,0.000462295427462603,0.000277888213505332,0.000281042734655379,2.66412071780562e-05,0.000386115370821977,4.27802911918579e-05,0.000251232081146574,5.13284367855728e-05,0.000286291566448643,0.00143326218591968,23.03446089,2.258703312,70.58463707,160.4940803,23.39693164,57.93516561,2.507399577,3,"rain","AG",""
"JG_CO_108_B","p_108","B","KS","Genesco",38.493199,-98.187627,9.4,123,137,32,9895,335,-88,423,224,-8,249,-8,701,105,13,51,289,55,273,55,544,0.0863333645184511,0.435739444565567,0.0116036691954333,0.00233476933728726,0.0036591528911784,5.42255642768793e-05,0.00502115049451832,7.40841761100626e-05,0.000943575505304218,0.000132152414789225,0.0039174201890429,0.0331759800500526,0.00189175300286605,0.0133361791389094,0.000521670659701788,0.00027007960797296,0.000365518664332697,3.05726035743996e-05,0.00042521071071235,3.93765251466391e-05,0.000167855456696367,4.85072379171954e-05,0.000380841769857734,0.00150897479722841,21.86192498,1.741542817,69.05435244,159.1956122,22.46927884,62.03133404,0,3,"rain","AG",""
"JG_CO_108_D","p_108","D","KS","Genesco",38.493199,-98.187627,9.4,123,137,32,9895,335,-88,423,224,-8,249,-8,701,105,13,51,289,55,273,55,544,0.0931256269533253,0.447264648515271,0.0113659043960763,0.00229135731003841,0.0038682217450986,5.99889208225015e-05,0.00524865020462926,8.5688204774134e-05,0.000985385515298775,0.000132031332742571,0.00390207920470851,0.0346476342560138,0.00184545400911386,0.00551869556721449,0.00045637818386012,0.00025708520576184,0.000326280258567406,3.46120279299422e-05,0.000448805624622583,4.40208298333326e-05,0.000139288236564592,5.13530764332246e-05,0.000317881577620328,0.00115837701778014,21.86192498,1.741542817,69.05435244,159.1956122,22.46927884,62.03133404,0,3,"rain","AG",""
"JG_CO_108_E","p_108","E","KS","Genesco",38.493199,-98.187627,9.4,123,137,32,9895,335,-88,423,224,-8,249,-8,701,105,13,51,289,55,273,55,544,0.0932349355811997,0.441236001924892,0.0104433292780522,0.00226437082083746,0.00353186717808114,5.24121265319145e-05,0.00505449344912951,0.000101335584467179,0.000888337875346053,0.000135091635599869,0.00383031952782046,0.0338467860961686,0.00246991176889222,0.0125471413597807,0.000781951119205926,0.000272810781235848,0.000319734986697225,2.82082769770657e-05,0.000541088510531792,4.61907887729132e-05,0.000157047592756404,6.75654552284583e-05,0.000339828470344238,0.00146583359139418,21.86192498,1.741542817,69.05435244,159.1956122,22.46927884,62.03133404,0,3,"rain","AG",""
"JG_CO_108_F","p_108","F","KS","Genesco",38.493199,-98.187627,9.4,123,137,32,9895,335,-88,423,224,-8,249,-8,701,105,13,51,289,55,273,55,544,0.091225727262513,0.429975578845576,0.0106272613127633,0.00224977153175622,0.00364614414170498,4.65413373455978e-05,0.00518476676210563,6.5498406650001e-05,0.000731262704578276,0.000119088568611989,0.00384653281555064,0.0339505164926783,0.00457531233243531,0.0189546683958733,0.000536228976416482,0.000201852152083816,0.00033853456728662,2.79175718011182e-05,0.000507886810854159,3.57645635646093e-05,0.000139958955504055,4.71770814859196e-05,0.000394445205701206,0.00230087456486899,21.86192498,1.741542817,69.05435244,159.1956122,22.46927884,62.03133404,0,3,"rain","AG",""
"JG_CO_109_A","p_109","A","KS","Partridge",37.974254,-98.087387,9.4,130,135,31,9891,342,-81,423,231,-2,255,-2,728,108,15,48,290,62,271,62,491,0.0923351872162135,0.443629911721734,0.0109209271691298,0.00217508507905298,0.0036990004931136,5.03910049583255e-05,0.00548366651818711,7.69267875293432e-05,0.000894881193154749,0.000137712362730559,0.00386543815871154,0.0332598164655059,0.00143622469427617,0.00496387717533519,0.000578723389529242,0.000249072984979215,0.000321654861020225,2.60267190365842e-05,0.000398628531035198,3.41065393722485e-05,0.000131423892748435,4.85089528934688e-05,0.000263463182675293,0.00133701809400741,18.31579698,1.737311092,71.81258911,167.3488737,23.20066439,63.94174152,2.55774166,3,"rain","AG","Located in a rain wash"
"JG_CO_109_B","p_109","B","KS","Partridge",37.974254,-98.087387,9.4,130,135,31,9891,342,-81,423,231,-2,255,-2,728,108,15,48,290,62,271,62,491,0.0941347405264282,0.453840021286035,0.0103930148335006,0.00216870298240871,0.00387892814147261,5.58563513959822e-05,0.00506108657353088,7.64920594074109e-05,0.00035061572455036,0.000131206965526152,0.00376035917524467,0.0371490211193116,0.00170798473670256,0.00387537650004743,0.00057907459967857,0.000249103188498866,0.000318081336035492,2.32953103860535e-05,0.000363138783589196,3.61168335236285e-05,0.000106279662899934,5.55692071272152e-05,0.000332680031482646,0.00146253391150331,18.31579698,1.737311092,71.81258911,167.3488737,23.20066439,63.94174152,2.55774166,3,"rain","AG","Located in a rain wash"
"JG_CO_109_C","p_109","C","KS","Partridge",37.974254,-98.087387,9.4,130,135,31,9891,342,-81,423,231,-2,255,-2,728,108,15,48,290,62,271,62,491,0.0901895227416766,0.442941343712646,0.0106618207459414,0.00205543910529928,0.00368399593434376,6.59907511216406e-05,0.0048978341493866,9.20062229909876e-05,0.00058848544832642,0.000128984502423115,0.00373768473833712,0.036919947772013,0.00440539694091061,0.0168232344503313,0.000792341655169118,0.000297331757530565,0.000389928919588097,3.573654471313e-05,0.0005248927529169,4.10575449337304e-05,0.000116098715229314,5.33813514575926e-05,0.000327184018617277,0.00205590145151746,18.31579698,1.737311092,71.81258911,167.3488737,23.20066439,63.94174152,2.55774166,3,"rain","AG","Located in a rain wash"
"JG_CO_109_E","p_109","E","KS","Partridge",37.974254,-98.087387,9.4,130,135,31,9891,342,-81,423,231,-2,255,-2,728,108,15,48,290,62,271,62,491,0.0856131720713143,0.464081603942106,0.0150740723927929,0.00251896616372691,0.00421277009213277,4.58626720816994e-05,0.00536686772523098,8.18423393186777e-05,0.00134259112585573,0.000149813313552255,0.00468595802227311,0.0301016060709278,0.00172756094217582,0.00446302268900937,0.000553673018719217,0.000264961457478045,0.000321650004831952,2.59631102318263e-05,0.000352935357994111,3.74856781465883e-05,0.000164997091826737,5.77914240329621e-05,0.000312190609638793,0.00146602501890753,18.31579698,1.737311092,71.81258911,167.3488737,23.20066439,63.94174152,2.55774166,3,"rain","AG","Located in a rain wash"
"JG_CO_110_A","p_110","A","KS","Valley Center",37.803326,-97.281279,9.4,133,124,30,9723,335,-70,405,231,4,255,4,810,119,19,47,323,74,297,74,429,0.0891674788757958,0.463358461879017,0.0174710156836538,0.00267394265259134,0.0042852907481931,4.97381360191234e-05,0.00611118413075358,6.80071179503944e-05,0.00171865070085159,0.000163727100512723,0.00530279052326812,0.033930346138341,0.00229018084896716,0.010099557906583,0.000880152686516565,0.000315899035393613,0.000346230234799849,3.19234108702333e-05,0.000469294360606857,3.20935574339517e-05,0.000249587078985023,6.73024157821908e-05,0.000425967055343212,0.00185091883536303,20.58369068,2.115708977,68.3481275,162.4008719,22.88385506,72.76098842,3,3,"rain","AG",""
"JG_CO_110_B","p_110","B","KS","Valley Center",37.803326,-97.281279,9.4,133,124,30,9723,335,-70,405,231,4,255,4,810,119,19,47,323,74,297,74,429,0.091682666281661,0.46388904173197,0.0158376448864445,0.0024099646069803,0.00424454262981576,5.50914444338552e-05,0.00587599231425523,8.03862528962614e-05,0.00138115620249482,0.000146020981056339,0.00500060060199104,0.0323177713369754,0.00211752219968172,0.00681512172004232,0.000586721600641762,0.000324047520674414,0.000386547834391524,2.82324552069696e-05,0.000543292389591094,4.48314751647796e-05,0.000169525291185428,6.3950869735245e-05,0.00039512877154735,0.00147671141840145,20.58369068,2.115708977,68.3481275,162.4008719,22.88385506,72.76098842,3,3,"rain","AG",""
"JG_CO_110_C","p_110","C","KS","Valley Center",37.803326,-97.281279,9.4,133,124,30,9723,335,-70,405,231,4,255,4,810,119,19,47,323,74,297,74,429,0.0894948602893067,0.460014040049802,0.0160957199022046,0.00251160294009943,0.00416065690022959,5.09265589829654e-05,0.00589903410685331,8.43357902400842e-05,0.0013412289275982,0.000170211897976555,0.00489721242185367,0.0324809505656077,0.00362472734458875,0.0176444352705717,0.000792377532129418,0.000273064422813145,0.00050442744732662,2.78323436138925e-05,0.000448544690058327,4.32866286619164e-05,0.000196277517902963,7.2056970874772e-05,0.000477129269643834,0.0017016872751622,20.58369068,2.115708977,68.3481275,162.4008719,22.88385506,72.76098842,3,3,"rain","AG",""
"JG_CO_110_D","p_110","D","KS","Valley Center",37.803326,-97.281279,9.4,133,124,30,9723,335,-70,405,231,4,255,4,810,119,19,47,323,74,297,74,429,0.0881482905608577,0.452827852526449,0.016126765182315,0.00256474445920397,0.00425300070897985,5.94974793889581e-05,0.00593707678211673,6.60808250657288e-05,0.00174609062304632,0.000175278286319403,0.00479382278492426,0.032338126530467,0.00253255626033748,0.0122702246540509,0.000956578031643961,0.000299962309989295,0.000381346717690081,3.14267050252448e-05,0.000480849206193778,4.40613685935184e-05,0.000232109525107355,6.65669759600633e-05,0.000396740086338221,0.00151646153617989,20.58369068,2.115708977,68.3481275,162.4008719,22.88385506,72.76098842,3,3,"rain","AG",""
"JG_CO_110_E","p_110","E","KS","Valley Center",37.803326,-97.281279,9.4,133,124,30,9723,335,-70,405,231,4,255,4,810,119,19,47,323,74,297,74,429,0.0890695365898308,0.457778053169471,0.0154497398034748,0.00260139122938193,0.0041569922988901,5.78978655552604e-05,0.00597536234828216,8.9463975999462e-05,0.00136373799601104,0.000165636760351343,0.00487865493948326,0.0333990033997186,0.00217938431807641,0.0133525498160761,0.000671905889207642,0.000279606663284563,0.000446929722907574,2.56597077314901e-05,0.000530801939407349,4.94431507897836e-05,0.000195451973279559,7.0702344535681e-05,0.000437701993023325,0.00155427476560264,20.58369068,2.115708977,68.3481275,162.4008719,22.88385506,72.76098842,3,3,"rain","AG",""
"JG_CO_111_A","p_111","A","KS","Assaria",38.630398,-97.614886,9.4,129,132,31,9982,337,-80,417,230,-3,256,-3,764,113,20,47,308,73,279,73,400,0.0871658751675186,0.432385741109441,0.0118111283109806,0.00216364883291724,0.00364705103883398,4.3073201674076e-05,0.0051902030120603,8.43724581340957e-05,0.000928216649255863,0.000124200083562218,0.00414872010066508,0.0337878275670628,0.00190216376065256,0.00747648953698009,0.000534804355219079,0.00024803162259876,0.000365274374324591,2.4385760462653e-05,0.00041596684302367,3.57825436215453e-05,0.000177617117934671,4.18736349279023e-05,0.000338375351556254,0.001642379781917,23.56148902,1.829342375,72.5155047,160.9230063,22.62707459,64.28254574,1,4,"rain","AG",""
"JG_CO_111_B","p_111","B","KS","Assaria",38.630398,-97.614886,9.4,129,132,31,9982,337,-80,417,230,-3,256,-3,764,113,20,47,308,73,279,73,400,0.087475766837964,0.439492736298355,0.0114418468736177,0.00224334299755448,0.00349836108349606,5.65036912583492e-05,0.00486488532746482,8.37260964278148e-05,0.000718661233272176,0.000125548708187045,0.00380610692006009,0.0352434454240631,0.00275751941347513,0.0115668005024553,0.000553873904373907,0.000238234388802095,0.000371810341419167,3.07478042225992e-05,0.000372394400467174,4.15203419476712e-05,0.000115087422254298,4.14048760594719e-05,0.00037415640537499,0.00191744089540558,23.56148902,1.829342375,72.5155047,160.9230063,22.62707459,64.28254574,1,4,"rain","AG",""
"JG_CO_113_E","p_113","E","KS","Junction City",39.014661,-96.863634,9.4,124,128,31,9945,326,-86,412,224,-10,248,-10,844,136,19,51,346,70,321,70,383,0.0872814048324442,0.426722113027397,0.0117032518259887,0.00233941647575564,0.00362588806943639,5.67783133989681e-05,0.00513290739914602,8.3839867277634e-05,0.000936291479422764,0.000116180973965762,0.0040809055718433,0.0341573068513736,0.00392612601357675,0.013773675359253,0.000763961388276871,0.000230380104098827,0.000429858689142775,3.10200203463121e-05,0.000415768385745015,3.92709704519259e-05,0.000157978097075018,5.45751251667214e-05,0.000313900942348866,0.00136172740245695,23.7944339,2.969990864,69.57200084,159.2922201,22.21602432,71.56788952,2.393211048,0,"rain","NOAG",""
"JG_CO_118_B","p_118","B","MO","Clinton",38.395177,-93.820249,9.2,125,131,32,9421,322,-79,401,220,-2,243,-2,1041,130,36,35,356,130,327,130,232,0.0896029305444146,0.430230830440553,0.0109193622947018,0.00223984103566151,0.00371538639675545,4.81909251575454e-05,0.00501512255050587,9.82928614880206e-05,0.000630551300877929,0.000115283758487754,0.00391210808987011,0.0354764556489159,0.00297597277911212,0.0107189202297904,0.000441103145792607,0.000293964520510423,0.000402042197837665,2.61741272281566e-05,0.000536576848658226,4.4216772249874e-05,0.000124158149752196,4.97787251740839e-05,0.00030210399965174,0.00158882339282263,22.99106193,1.954032773,58.94935093,156.6781585,19.41648188,87.88893027,2.894232815,3,"rain","AG",""
"JG_CO_118_C","p_118","C","MO","Clinton",38.395177,-93.820249,9.2,125,131,32,9421,322,-79,401,220,-2,243,-2,1041,130,36,35,356,130,327,130,232,0.0849970413992795,0.425022898038431,0.01230056700075,0.00237013130663935,0.00371293595099411,5.05483784068817e-05,0.00504946484588701,7.57038237069595e-05,0.000896638196710256,0.000151740790828969,0.00414164643876256,0.0316826434397317,0.00418112400906479,0.0187964438539857,0.000812596028342878,0.000260642651210106,0.000334367034582714,3.48234480475961e-05,0.000493590373662473,4.10796685329941e-05,0.000135784409966981,5.30847675354138e-05,0.000354550155268165,0.00186714591329488,22.99106193,1.954032773,58.94935093,156.6781585,19.41648188,87.88893027,2.894232815,3,"rain","AG",""
"JG_CO_118_E","p_118","E","MO","Clinton",38.395177,-93.820249,9.2,125,131,32,9421,322,-79,401,220,-2,243,-2,1041,130,36,35,356,130,327,130,232,0.0856997150587849,0.425080817331715,0.0122832312943001,0.00236659536474696,0.00358310269488802,4.45436043509917e-05,0.00505871498859743,6.87979925382827e-05,0.000969337643209309,0.000133952536836386,0.00404666431669666,0.0328563561566517,0.00277169787057654,0.010016426966579,0.000586754536403513,0.000245571954856772,0.000253548927668488,2.76805568703516e-05,0.000322089984796715,3.62952777567229e-05,0.000130990451017409,5.26196857246805e-05,0.000317206557321292,0.00156038826745598,22.99106193,1.954032773,58.94935093,156.6781585,19.41648188,87.88893027,2.894232815,3,"rain","AG",""
"JG_CO_120_A","p_120","A","MO","Balivar",37.555369,-93.41276,8.4,128,130,33,9066,320,-73,393,178,5,241,5,1084,125,42,27,348,164,298,164,353,0.0863599687588882,0.426558887159085,0.0118366403530334,0.00222007584782959,0.00367319825273649,4.7079572771487e-05,0.00488300120224828,7.9537132353667e-05,0.00100445830363253,0.000131363728009288,0.00392510970535761,0.0335832983189089,0.00256509732277406,0.00955207776859325,0.000643179623366568,0.000240240517492825,0.000325225338918255,2.59772104128762e-05,0.00031203663096436,4.09000614071419e-05,0.000188005414488005,5.66951909638619e-05,0.000266501871827823,0.0012915816769129,25.18257559,2.302233714,56.61617467,147.8258278,20.02811858,92.27048768,3.232923939,4,"rain","AG","Located in a drainage ditch"
"JG_CO_120_C","p_120","C","MO","Balivar",37.555369,-93.41276,8.4,128,130,33,9066,320,-73,393,178,5,241,5,1084,125,42,27,348,164,298,164,353,0.112725728292098,0.528872698467867,0.0115106710297942,0.00287656637379802,0.00408592387144468,4.86024990805172e-05,0.00633866370062754,0.000116346044168358,0.000643186909604437,0.000148924014957475,0.00437676291312418,0.0478528167442236,0.00247223686693775,0.00621314368218193,0.00066079695330126,0.000346581185668607,0.000325752302786718,3.01796469606122e-05,0.000452555567003364,6.00375657526387e-05,0.000155881423546721,6.3004499270463e-05,0.000380644963384312,0.00142935595532372,25.18257559,2.302233714,56.61617467,147.8258278,20.02811858,92.27048768,3.232923939,4,"rain","AG","Located in a drainage ditch"
"JG_CO_120_D","p_120","D","MO","Balivar",37.555369,-93.41276,8.4,128,130,33,9066,320,-73,393,178,5,241,5,1084,125,42,27,348,164,298,164,353,0.083390322400176,0.434545891285349,0.0135792717885085,0.00261607148147698,0.00376686231169621,4.53431621994456e-05,0.00516181319800899,8.09596336982644e-05,0.000879601709124607,0.000126385917339943,0.00439040307952115,0.0326455783491568,0.00298668170916148,0.0145925607023988,0.000578089320935394,0.000296418254898553,0.000322118522137382,2.69422801349251e-05,0.00048897368357687,3.54996043825489e-05,0.000123928881024388,4.20814917639453e-05,0.000299659415984111,0.00153389791074352,25.18257559,2.302233714,56.61617467,147.8258278,20.02811858,92.27048768,3.232923939,4,"rain","AG","Located in a drainage ditch"
"JG_CO_120_E","p_120","E","MO","Balivar",37.555369,-93.41276,8.4,128,130,33,9066,320,-73,393,178,5,241,5,1084,125,42,27,348,164,298,164,353,0.0945945968841543,0.443119322649313,0.0112057472657182,0.0022320552554022,0.00362808241803652,5.08965634437674e-05,0.00516706414754084,0.000108872703724336,0.000856607123472237,0.000140231716196765,0.00398490878862856,0.0387191434786437,0.00195336703687835,0.00569522957871268,0.000556296167191058,0.000273014603920186,0.000294262290046918,2.7210553144019e-05,0.000448648549177179,5.41757773607585e-05,0.000128417321417974,5.85098880870437e-05,0.000324144285117979,0.00203246011605606,25.18257559,2.302233714,56.61617467,147.8258278,20.02811858,92.27048768,3.232923939,4,"rain","AG","Located in a drainage ditch"
"JG_CO_122_A","p_122","A","MO","Norwood",37.13527,-92.420787,8.4,127,131,34,8715,314,-66,380,176,9,235,9,1095,122,51,21,332,192,283,192,452,0.0916418639722701,0.437346611453776,0.0116850432565524,0.00225850205835373,0.00369831440274759,4.59251525005333e-05,0.00537009820326704,8.32038727486079e-05,0.000872174989729713,0.000122347812960426,0.00403344794277689,0.0382567821698943,0.00441388856900999,0.0152922509594682,0.000890092126816427,0.00031013471246911,0.000354487371300523,2.55521689665479e-05,0.000481349556502781,4.20698990248941e-05,0.000193900295257044,5.51847466176739e-05,0.000378481848826389,0.00272392506320837,26.73282828,2.115728716,55.82092352,151.2259019,19.57158442,94.92281746,3.774675325,3,"rain","AG",""
"JG_CO_122_B","p_122","B","MO","Norwood",37.13527,-92.420787,8.4,127,131,34,8715,314,-66,380,176,9,235,9,1095,122,51,21,332,192,283,192,452,0.0769204575571762,0.43960685293606,0.0135537940727484,0.00254209196648973,0.00365275229258071,5.61132523980764e-05,0.00531714604075021,7.09863863926376e-05,0.000861837101512246,0.000139199072858624,0.00437626887703512,0.0304064318840654,0.00205827296638555,0.00973618153068984,0.000540051847953415,0.000297100008446862,0.000298035389472492,2.71719489273146e-05,0.000421959902859847,3.54387505086443e-05,0.000141960095692885,5.17208972470806e-05,0.000316928209428672,0.00115574373731795,26.73282828,2.115728716,55.82092352,151.2259019,19.57158442,94.92281746,3.774675325,3,"rain","AG",""
"JG_CO_122_C","p_122","C","MO","Norwood",37.13527,-92.420787,8.4,127,131,34,8715,314,-66,380,176,9,235,9,1095,122,51,21,332,192,283,192,452,0.0857910212938521,0.43253119835531,0.0121131293245166,0.00235145994118732,0.00370484061486282,5.72306474770344e-05,0.00507269663419495,8.6493555942354e-05,0.000854805554218459,0.000129327453660409,0.00397918153611366,0.0356472720399445,0.00166234037424796,0.00550375509345385,0.000417020833169888,0.000259925970567055,0.000258937974100674,3.14774312157896e-05,0.00026228356011375,3.86622519497056e-05,0.000134673197090472,4.5467283509682e-05,0.000364574325960751,0.00164405656673263,26.73282828,2.115728716,55.82092352,151.2259019,19.57158442,94.92281746,3.774675325,3,"rain","AG",""
"JG_CO_122_D","p_122","D","MO","Norwood",37.13527,-92.420787,8.4,127,131,34,8715,314,-66,380,176,9,235,9,1095,122,51,21,332,192,283,192,452,0.0898215950340402,0.436155872268231,0.0114705099513571,0.00233431020772124,0.00370450680632381,5.72673178247828e-05,0.00520652051058913,8.40080241741705e-05,0.000921433764352735,0.000129964363710115,0.0039210876377377,0.0340984545088287,0.00153026037857709,0.00408784208936739,0.000480151757299268,0.000282879525395915,0.000299825498325886,3.2164071785184e-05,0.000319237018892392,4.45735660116182e-05,0.000158049772885142,5.2273177606996e-05,0.000353270097418784,0.00187095614738032,26.73282828,2.115728716,55.82092352,151.2259019,19.57158442,94.92281746,3.774675325,3,"rain","AG",""
"JG_CO_122_E","p_122","E","MO","Norwood",37.13527,-92.420787,8.4,127,131,34,8715,314,-66,380,176,9,235,9,1095,122,51,21,332,192,283,192,452,0.0904772466196862,0.440513708477921,0.0110871168599171,0.00224034399968399,0.00364600709138909,5.94072341929375e-05,0.00523815427190285,7.48918058950266e-05,0.000710935526631612,0.000139440245119126,0.00383473910715609,0.0367878546138288,0.00210847326613507,0.00652684136767112,0.000503409697239456,0.00020835464639283,0.000316524993928339,3.26781643466345e-05,0.000439526496062215,3.26093641248703e-05,0.00012167511225126,5.17571459319959e-05,0.000344279209892523,0.00168452036931244,26.73282828,2.115728716,55.82092352,151.2259019,19.57158442,94.92281746,3.774675325,3,"rain","AG",""
"JG_CO_124_A","p_124","A","AR","Williford",36.269959,-91.324114,8.4,141,139,36,8601,331,-50,381,141,249,249,26,1191,125,80,16,360,258,258,273,171,0.0913872037191258,0.445903962107785,0.0108881451313483,0.00219184874415793,0.00362979933545812,5.39942382800288e-05,0.00513657571900038,9.56526853450745e-05,0.000622205400044,0.000137519665238537,0.00388827912237598,0.0358558740449151,0.00201130704415501,0.00877376967703822,0.000523634728286072,0.000282695753856084,0.000396283705202439,2.86476241590841e-05,0.000438489240996012,5.63392798392555e-05,0.000115396138467608,5.27964218048816e-05,0.000318250163852299,0.00147818308634996,26.54779626,2.529407472,58.46322242,146.7948774,20.46512734,98.90703444,0.042688266,0,"rain","NOAG",""
"JG_CO_124_B","p_124","B","AR","Williford",36.269959,-91.324114,8.4,141,139,36,8601,331,-50,381,141,249,249,26,1191,125,80,16,360,258,258,273,171,0.0883193762052499,0.433087982457658,0.0111339967665427,0.00219631283236905,0.00358269830268916,5.9790432253849e-05,0.00512986082300708,7.04200099862867e-05,0.000799157493632204,0.000145679342860086,0.00383087593273989,0.0365966202134951,0.00286703159833432,0.0132165844707159,0.000553339721092864,0.000257729775613146,0.000333552899779103,3.56708105204126e-05,0.000459612248493582,3.82496528422906e-05,0.000143117589701547,6.29066988810728e-05,0.000376487091421554,0.00236565518110802,26.54779626,2.529407472,58.46322242,146.7948774,20.46512734,98.90703444,0.042688266,0,"rain","NOAG",""
"JG_CO_124_C","p_124","C","AR","Williford",36.269959,-91.324114,8.4,141,139,36,8601,331,-50,381,141,249,249,26,1191,125,80,16,360,258,258,273,171,0.0947913906929898,0.443607459860945,0.0114078929973079,0.00224445182163841,0.00370067791660653,5.43260708773964e-05,0.00511400729648328,6.99488831644039e-05,0.00102730376035406,0.000132851464673544,0.00398005391098213,0.0355830836442325,0.0022424256410593,0.00779228706680772,0.00056474554295645,0.000271502781211794,0.000368013424151144,3.12169907410151e-05,0.000374351347882145,4.05869855112502e-05,0.000158789290888402,5.60135076639183e-05,0.000328095485883305,0.00227565952316759,26.54779626,2.529407472,58.46322242,146.7948774,20.46512734,98.90703444,0.042688266,0,"rain","NOAG",""
"JG_CO_124_D","p_124","D","AR","Williford",36.269959,-91.324114,8.4,141,139,36,8601,331,-50,381,141,249,249,26,1191,125,80,16,360,258,258,273,171,0.0868091896296828,0.439098043915336,0.0123898116831208,0.0024216332415043,0.00366305646482851,4.542384931028e-05,0.0049837780172106,6.2639113692465e-05,0.000735233292074016,0.000151499069270253,0.00421586888665259,0.0362309400187814,0.00156618125451802,0.00555057195264448,0.000508407400433903,0.000257388176317323,0.000367664052400786,2.75689844712959e-05,0.00047072836723343,3.8691464230814e-05,0.000141301263400969,4.35409632741433e-05,0.00030139636331806,0.00202844636240674,26.54779626,2.529407472,58.46322242,146.7948774,20.46512734,98.90703444,0.042688266,0,"rain","NOAG",""
"JG_CO_124_E","p_124","E","AR","Williford",36.269959,-91.324114,8.4,141,139,36,8601,331,-50,381,141,249,249,26,1191,125,80,16,360,258,258,273,171,0.0882629622640894,0.437047559588479,0.012485979381571,0.00227889806046604,0.00368235738339649,4.88345875202237e-05,0.00518432369787878,8.2068472932497e-05,0.000717950560779238,0.000120235414620491,0.00412250297556723,0.0337711174094451,0.00204521778923037,0.00522803973370387,0.000537741643556797,0.000289085417918315,0.000257749135356423,3.38327339124876e-05,0.000317254062102576,4.28150029716767e-05,0.000116075238652779,5.14619257863114e-05,0.000306131087668046,0.00141661574369868,26.54779626,2.529407472,58.46322242,146.7948774,20.46512734,98.90703444,0.042688266,0,"rain","NOAG",""
"JG_CO_125_A","p_125","A","AR","Trumann",35.678394,-90.576364,8.5,159,116,32,8535,335,-23,358,160,265,265,43,1228,131,77,19,383,242,242,304,64,0.077572977434909,0.414159607231883,0.013235124058688,0.00250534604665194,0.00362617191297867,4.50216040664952e-05,0.00499216413970468,7.25582379492975e-05,0.00122337055884867,0.000123064241398917,0.00407116171922927,0.0340021001310361,0.00592467323011917,0.0209782589845418,0.000906462266786734,0.000336732515941215,0.000386215049163095,2.58033825721257e-05,0.000426147577506526,3.16466917189595e-05,0.000221019519935702,4.63006737194386e-05,0.000411476601238666,0.00273909452320795,22.72417089,1.796455622,59.41833958,161.1232444,22.0337727,105.4169608,1,1,"irrigation","AG",""
"JG_CO_125_B","p_125","B","AR","Trumann",35.678394,-90.576364,8.5,159,116,32,8535,335,-23,358,160,265,265,43,1228,131,77,19,383,242,242,304,64,0.0856071720999094,0.426631159366019,0.0126482076564346,0.00226466851955358,0.00368423697686846,4.59050904499609e-05,0.0051662072397281,8.5188165328145e-05,0.0012935928805881,0.000130703272812859,0.00406322243144796,0.0349848825877789,0.00388138351206462,0.0189875572011279,0.000746193103414287,0.000289489784017628,0.000373420486365401,2.65236470405309e-05,0.000456916943069125,3.4949189078093e-05,0.000175766378149927,5.97953847815219e-05,0.000395272288299657,0.00277227008828973,22.72417089,1.796455622,59.41833958,161.1232444,22.0337727,105.4169608,1,1,"irrigation","AG",""
"JG_CO_125_C","p_125","C","AR","Trumann",35.678394,-90.576364,8.5,159,116,32,8535,335,-23,358,160,265,265,43,1228,131,77,19,383,242,242,304,64,0.0886225310239008,0.42951541879664,0.0121901530174067,0.00237342432346967,0.00380131438784745,4.79416364281035e-05,0.00503217945340846,8.73972887243273e-05,0.000774529110720719,0.000133356514063615,0.00410624553996987,0.036407554521588,0.00163817254827028,0.00473087027903115,0.000554974075173863,0.0002378710064764,0.000325657075720035,2.81663202514231e-05,0.000445078750522136,4.39186060656422e-05,0.000125888024351163,5.9076682298569e-05,0.000294920981332179,0.00210954013668906,22.72417089,1.796455622,59.41833958,161.1232444,22.0337727,105.4169608,1,1,"irrigation","AG",""
"JG_CO_125_D","p_125","D","AR","Trumann",35.678394,-90.576364,8.5,159,116,32,8535,335,-23,358,160,265,265,43,1228,131,77,19,383,242,242,304,64,0.091552052318429,0.435292319482812,0.0113783926435209,0.00216754737658279,0.00370396209248815,4.75604763102794e-05,0.00552659692788517,9.43103538919286e-05,0.00075059096095455,0.000133744288522646,0.00386380316225447,0.0379036408258924,0.00259958133794954,0.00717459332216119,0.000485388363263102,0.000280178870792213,0.000312260937078431,2.47961088702037e-05,0.000441117945225488,4.74061208973009e-05,0.000133002932683107,5.54460609075399e-05,0.000299880454321078,0.00181539225314226,22.72417089,1.796455622,59.41833958,161.1232444,22.0337727,105.4169608,1,1,"irrigation","AG",""
"JG_CO_126_A","p_126","A","WV","Medina",39.0249441,-81.6265525,8.4,115,131,35,8525,297,-68,365,202,1,221,1,1084,119,75,14,314,235,314,235,234,0.0869885786127465,0.429588723114038,0.0116917072001003,0.00228143535565528,0.00355180389554338,6.00898197268459e-05,0.00505534892832054,8.67016474840475e-05,0.000879436744869775,0.000148032756825462,0.00401357553236981,0.0371838811583798,0.00798844967478259,0.0339683535051879,0.00131868069089242,0.000314197038203091,0.000490817154533844,2.79611837946184e-05,0.000400921789759088,3.51677715474084e-05,0.000168283521632459,7.87113877744068e-05,0.000373598830012094,0.00409145494174491,23.39222714,1.936046103,55.76140277,150.6824794,17.19689613,93.26250966,0,3,"rain","AG",""
"JG_CO_126_B","p_126","B","WV","Medina",39.0249441,-81.6265525,8.4,115,131,35,8525,297,-68,365,202,1,221,1,1084,119,75,14,314,235,314,235,234,0.0842595677860372,0.432371736368838,0.01239150524005,0.00245189574219733,0.003602015995634,4.8083279980051e-05,0.00483061835161307,8.1692952835513e-05,0.000808951715459743,0.00013996349287866,0.00400425832126483,0.0335668151849573,0.00159679540258533,0.00511935021269508,0.000510938100909675,0.000259395710778587,0.000305579063019787,2.69569146282587e-05,0.000359187823649625,4.40221234809521e-05,0.000118078319530076,5.36942618930115e-05,0.000328258738689607,0.00174664813882818,23.39222714,1.936046103,55.76140277,150.6824794,17.19689613,93.26250966,0,3,"rain","AG",""
"JG_CO_126_D","p_126","D","WV","Medina",39.0249441,-81.6265525,8.4,115,131,35,8525,297,-68,365,202,1,221,1,1084,119,75,14,314,235,314,235,234,0.0907507164274305,0.492147437282314,0.0174016986164011,0.00270467753449866,0.00450410373807196,4.68823796273703e-05,0.00630737150831311,7.81771488499471e-05,0.000908133057438732,0.000173351368746431,0.00513928048130516,0.0322872929717089,0.00171780259523681,0.00580909151760942,0.000805340605864946,0.000329140411995618,0.000411990761597104,3.0662914128531e-05,0.000496215351376391,4.81966357503516e-05,0.000160391678309366,6.90431011441558e-05,0.000399365362743599,0.00188087406326159,23.39222714,1.936046103,55.76140277,150.6824794,17.19689613,93.26250966,0,3,"rain","AG",""
"JG_CO_128_B","p_128","B","WV","Lavalette",38.33549,-82.456096,8.4,125,134,37,8351,305,-57,362,209,134,229,13,1079,122,71,16,322,233,316,239,169,0.0914285195900386,0.48896501564216,0.0165876344964468,0.00262373399107501,0.00436095976121506,4.78144928206737e-05,0.00615839237501319,8.76054909250308e-05,0.00127023755376855,0.000149890820136296,0.00513369809971126,0.0347061354013894,0.0043347119553453,0.0244639433201638,0.000695061031743735,0.000329048633426164,0.000539310508105953,2.56609852086595e-05,0.000504609438495045,5.02283646220613e-05,0.000195336161315119,6.52750860380036e-05,0.000655996581215004,0.0017410113982745,23.36057317,2.038447897,57.95793431,153.8367738,18.19390012,93.80673193,0,0,"rain","NOAG","Located directly adjacent to a creek"
"JG_CO_128_C","p_128","C","WV","Lavalette",38.33549,-82.456096,8.4,125,134,37,8351,305,-57,362,209,134,229,13,1079,122,71,16,322,233,316,239,169,0.0861662917670046,0.473844222493862,0.0155047172194068,0.00266392589094388,0.00401612921141107,5.20348101714175e-05,0.00603295394262744,8.87186898428995e-05,0.00124598369616516,0.000145096009944225,0.00476506052376483,0.0306743448309565,0.00270037081443831,0.0155174947361957,0.000727209485404722,0.000353991101706874,0.000501161292967228,2.93873549112814e-05,0.000392845755105713,4.76327875467195e-05,0.000172728099784894,5.23216044024544e-05,0.000379132256751101,0.00156791639057828,23.36057317,2.038447897,57.95793431,153.8367738,18.19390012,93.80673193,0,0,"rain","NOAG","Located directly adjacent to a creek"
"JG_CO_128_D","p_128","D","WV","Lavalette",38.33549,-82.456096,8.4,125,134,37,8351,305,-57,362,209,134,229,13,1079,122,71,16,322,233,316,239,169,0.0955980434962177,0.516188989836809,0.0186448861457167,0.00286056721267449,0.00475127407212539,3.99028308557995e-05,0.00682379079584014,9.4375580942467e-05,0.00112563475333575,0.000169040340872826,0.00563753587798068,0.0338162740668398,0.00173757303595107,0.0038560944526608,0.000670727903469872,0.000293866052726637,0.000397270671875798,2.3281240137497e-05,0.000452612066763733,4.8117037146008e-05,0.00019668274976474,6.71501204566334e-05,0.000462661888553227,0.00146714250268829,23.36057317,2.038447897,57.95793431,153.8367738,18.19390012,93.80673193,0,0,"rain","NOAG","Located directly adjacent to a creek"
"JG_CO_131_A","p_131","A","VA","Free Union",38.112641,-78.520787,8.3,133,127,35,8130,310,-43,353,228,25,235,25,1122,116,74,14,322,232,316,232,173,0.0868798988866599,0.449085428939071,0.0146666724591377,0.002410336946942,0.00389842832781951,4.81753995512553e-05,0.00563590203861868,8.66180262265631e-05,0.0010892253490102,0.00014397009898296,0.00480249399905664,0.0295327167435398,0.0015762782672074,0.00364899794645462,0.000486605904807401,0.000252015244183255,0.000353822034426773,2.74376157546766e-05,0.000380656556848396,5.20640367061871e-05,0.000162356457380754,5.07520389477279e-05,0.000355397228860274,0.00116697471381142,25.99722163,2.95625846,60.91558025,151.7516563,19.68323752,83.72836076,5,0,"rain","NOAG",""
"JG_CO_131_B","p_131","B","VA","Free Union",38.112641,-78.520787,8.3,133,127,35,8130,310,-43,353,228,25,235,25,1122,116,74,14,322,232,316,232,173,0.0912244532063948,0.499642873471963,0.018037794959073,0.00300994715954477,0.00458135373743549,4.89470197320033e-05,0.00667294871725667,9.2016124593881e-05,0.00107380810561544,0.000176959768313528,0.00550634286753426,0.0347392989010026,0.00189768843446005,0.00505843533990916,0.000804389795186903,0.000364819598420988,0.00040731221483058,2.71356461904312e-05,0.000513922254984102,4.89298429483344e-05,0.000209488463803596,7.56127269885277e-05,0.000480260132043514,0.00182301767157901,25.99722163,2.95625846,60.91558025,151.7516563,19.68323752,83.72836076,5,0,"rain","NOAG",""
"JG_CO_131_C","p_131","C","VA","Free Union",38.112641,-78.520787,8.3,133,127,35,8130,310,-43,353,228,25,235,25,1122,116,74,14,322,232,316,232,173,0.0853003940816805,0.458356264896515,0.0165992024102985,0.00267042340785937,0.00405070798504152,5.06289602121394e-05,0.00597068317034477,8.48137768291937e-05,0.00135096347245069,0.000131818146053023,0.00492632757130678,0.0335202287040747,0.00180163704174325,0.00609235706853798,0.000715816969746385,0.000267527786038658,0.00029528446628027,2.31724992056267e-05,0.000406424570964535,5.22539865156025e-05,0.000207154330274832,5.98224360988209e-05,0.000373420397468754,0.00105435896059285,25.99722163,2.95625846,60.91558025,151.7516563,19.68323752,83.72836076,5,0,"rain","NOAG",""
"JG_CO_131_D","p_131","D","VA","Free Union",38.112641,-78.520787,8.3,133,127,35,8130,310,-43,353,228,25,235,25,1122,116,74,14,322,232,316,232,173,0.0820213814975223,0.430959582503037,0.0148715420291039,0.00263080006631497,0.00361180378885443,4.92381540661604e-05,0.0051947054557068,7.69909055580974e-05,0.000866191065634354,0.000135300151756606,0.00455044105252517,0.0328337111690768,0.00199573726074575,0.0106577097233615,0.000619281825622202,0.000286695186523339,0.000327516121734043,2.83701021530378e-05,0.000389829980669562,3.47325344383661e-05,0.000144783574053929,5.15852177521874e-05,0.000360113041692754,0.00150714258106816,25.99722163,2.95625846,60.91558025,151.7516563,19.68323752,83.72836076,5,0,"rain","NOAG",""
"JG_CO_131_E","p_131","E","VA","Free Union",38.112641,-78.520787,8.3,133,127,35,8130,310,-43,353,228,25,235,25,1122,116,74,14,322,232,316,232,173,0.0886077928016392,0.442435386827087,0.0132116393706391,0.00242731047568642,0.00379187484905789,5.23735258379159e-05,0.00533555895297419,9.29402390492375e-05,0.00116687049608849,0.000143801508855584,0.00431185332135075,0.0338136554714772,0.00244150827527975,0.00984143587275092,0.000691619662551304,0.000288063761283733,0.000354363375559652,2.8543005530404e-05,0.000446919448430877,5.20608081523996e-05,0.00016359990089274,6.15804686364372e-05,0.000375835819859702,0.00155145744939286,25.99722163,2.95625846,60.91558025,151.7516563,19.68323752,83.72836076,5,0,"rain","NOAG",""
"JG_CO_132_C","p_132","C","NE","Wood River",40.78734,-98.49152,9.4,101,137,31,10336,315,-117,432,209,-36,232,-36,663,106,12,56,289,49,260,49,591,0.0819031157949215,0.425551962047322,0.0152431967076082,0.00229834992396153,0.0041087648051621,7.29717625342362e-05,0.00549914858528594,7.36032632733005e-05,0.00118405397090362,0.000129922039783306,0.00455095453301395,0.0301001777387066,0.00245888304878106,0.00952696772346217,0.00064816341683333,0.000297270814711524,0.000396025594210796,3.75391968559597e-05,0.000450174860938753,4.09984342241712e-05,0.00020644019232212,6.60394117649348e-05,0.000396393721621577,0.00135841549606565,23.19688871,2.553796601,67.6075932,153.7357456,18.82329907,54.89209841,3,5,"rain","AG",""
"JG_CO_132_D","p_132","D","NE","Wood River",40.78734,-98.49152,9.4,101,137,31,10336,315,-117,432,209,-36,232,-36,663,106,12,56,289,49,260,49,591,0.0868609730336735,0.445990558304957,0.0159527771539189,0.0026183560080845,0.00410648971573518,6.57935866736281e-05,0.00595361478311757,8.49945325788099e-05,0.000667328833879165,0.000156612063757841,0.00481831453888567,0.0326619440669393,0.00200933598890038,0.00646894022049722,0.00060611496077985,0.000302448741363948,0.000394770533097977,3.49363222124699e-05,0.000422002426354502,4.57652898223495e-05,0.000151900682489557,6.87154714227944e-05,0.000442924065086118,0.00132785777175163,23.19688871,2.553796601,67.6075932,153.7357456,18.82329907,54.89209841,3,5,"rain","AG",""
"JG_CO_132_E","p_132","E","NE","Wood River",40.78734,-98.49152,9.4,101,137,31,10336,315,-117,432,209,-36,232,-36,663,106,12,56,289,49,260,49,591,0.0820410179917909,0.434004709053167,0.017680401508652,0.00252800016283681,0.00417771892571416,6.76916888876037e-05,0.0056855080828239,8.85661581332972e-05,0.000768968032884711,0.000144951769099598,0.00504097167517619,0.0295392753665168,0.00247944041979681,0.00997635729385059,0.000691206187954056,0.000281884095873726,0.000380332501390722,4.28893742051378e-05,0.000438405849484414,4.10551451019881e-05,0.000144335520758532,5.48284753189367e-05,0.000399764478506124,0.00141577284617634,23.19688871,2.553796601,67.6075932,153.7357456,18.82329907,54.89209841,3,5,"rain","AG",""
"JG_CO_132_F","p_132","F","NE","Wood River",40.78734,-98.49152,9.4,101,137,31,10336,315,-117,432,209,-36,232,-36,663,106,12,56,289,49,260,49,591,0.0880404998741456,0.454469538892113,0.0161039008172973,0.00250093104923464,0.00409656098602353,6.85681025356205e-05,0.00588649355630448,9.1201579742333e-05,0.00120010140300797,0.00015565872979634,0.0048164592680162,0.0315700245663814,0.00209386435430053,0.00726518781797675,0.000827627821377534,0.000264095538458621,0.000309490908300105,3.14270524339986e-05,0.000398200225365877,4.53040778458381e-05,0.000203179580442895,7.47708563937001e-05,0.000415143772635441,0.00165203282306918,23.19688871,2.553796601,67.6075932,153.7357456,18.82329907,54.89209841,3,5,"rain","AG",""
"JG_CO_132_G","p_132","G","NE","Wood River",40.78734,-98.49152,9.4,101,137,31,10336,315,-117,432,209,-36,232,-36,663,106,12,56,289,49,260,49,591,0.0910126380122031,0.47480080709159,0.0190932860243229,0.00264801748519483,0.00457862078977974,5.7582663736436e-05,0.00623683938416895,8.9746854264191e-05,0.00169317132848511,0.000166010911028097,0.00549110617991385,0.0335340698128363,0.00250929794615534,0.00670563431617125,0.000717091250562768,0.000246941285924414,0.000380963075146753,3.34421921795111e-05,0.000566329618087849,4.79992672947637e-05,0.000231317308306887,7.18451894537693e-05,0.000498675620364303,0.00201640093253829,23.19688871,2.553796601,67.6075932,153.7357456,18.82329907,54.89209841,3,5,"rain","AG",""
"JG_CO_132_I","p_132","I","NE","Wood River",40.78734,-98.49152,9.4,101,137,31,10336,315,-117,432,209,-36,232,-36,663,106,12,56,289,49,260,49,591,0.087327794039496,0.474006844702821,0.0186587783800446,0.00293687782392858,0.00432373082837491,5.8321737094406e-05,0.00608274620368404,8.15089163900935e-05,0.00101425772600563,0.00015105928839063,0.0052007558552751,0.0321447420393074,0.00287011887102575,0.0139735238036238,0.000975469922856683,0.000339096371904017,0.000386231033329973,3.3627074944997e-05,0.00057580515176162,4.10411502166349e-05,0.000163979546340907,5.64243275040691e-05,0.000494456393990604,0.00199358051501528,23.19688871,2.553796601,67.6075932,153.7357456,18.82329907,54.89209841,3,5,"rain","AG",""
"JG_CO_132_J","p_132","J","NE","Wood River",40.78734,-98.49152,9.4,101,137,31,10336,315,-117,432,209,-36,232,-36,663,106,12,56,289,49,260,49,591,0.0836219760792987,0.437197066042727,0.0165183276361204,0.00228333113154924,0.00422873037858677,6.48450733224087e-05,0.00550529387893501,7.55077219846325e-05,0.00129331097192311,0.000162040961723352,0.00486577837790291,0.0314266277932168,0.00232411740320549,0.0100600977730686,0.000801376578032897,0.000281296083028651,0.000388774333391371,3.07094421881925e-05,0.000482255926494557,4.26383710191194e-05,0.000216812609423372,7.15195214847226e-05,0.000421323520955948,0.00144886822272102,23.19688871,2.553796601,67.6075932,153.7357456,18.82329907,54.89209841,3,5,"rain","AG",""
"JG_CO_150_C","p_150","C","MS","North Panola School District",34.43792247,-90.08337915,8.3,161,124,36,7876,329,-11,340,161,217,259,56,1382,143,79,20,419,245,287,378,74,0.0799801450219389,0.438712300529205,0.0141082693774854,0.00244792902805431,0.00377005386082512,5.37553042181973e-05,0.00541684462535823,7.79627138906207e-05,0.000942737933018075,0.000151119607725851,0.00451153323259972,0.0314667182052791,0.00200562696001535,0.00726911211726195,0.000542050258602587,0.000231328092314435,0.000326180186683547,3.2572069741411e-05,0.000390545686640532,3.83440938267962e-05,0.0001490565846569,5.72420009233504e-05,0.000248481718544773,0.00143034140607297,21.57803166,1.688246714,52.88209379,153.5955048,20.91051075,118.5547155,3,4,"rain","AG",""
"JG_CO_150_D","p_150","D","MS","North Panola School District",34.43792247,-90.08337915,8.3,161,124,36,7876,329,-11,340,161,217,259,56,1382,143,79,20,419,245,287,378,74,0.0792807445451464,0.446980934375971,0.0140592333628067,0.00263773469105617,0.00384382610736985,5.2401532018524e-05,0.00542034500201137,7.35722927197134e-05,0.000887321809720263,0.000146149990237667,0.00453580097381494,0.031381770533241,0.00176214772777954,0.00474271526471757,0.000483012058593218,0.000203973107981858,0.000274448787757254,2.70328191182185e-05,0.00034679280030625,3.57430207444478e-05,0.000140279778212187,5.15474954850892e-05,0.000363526443308978,0.00113806957770603,21.57803166,1.688246714,52.88209379,153.5955048,20.91051075,118.5547155,3,4,"rain","AG",""
"JG_CO_150_E","p_150","E","MS","North Panola School District",34.43792247,-90.08337915,8.3,161,124,36,7876,329,-11,340,161,217,259,56,1382,143,79,20,419,245,287,378,74,0.0809848321827545,0.445238379825788,0.01446330552526,0.00257635252024165,0.00404853674288974,5.93539892744552e-05,0.00578270955920237,8.80197481486272e-05,0.000948771354874001,0.000162143834003436,0.00479573605263408,0.0316542718602022,0.00196129345740648,0.00736905723483123,0.000629864039763968,0.000277234227163271,0.00033054528016927,3.05159458114269e-05,0.000412743774545755,4.22735516634646e-05,0.00017534733313626,6.4963086324866e-05,0.000334033738598009,0.00110189795777343,21.57803166,1.688246714,52.88209379,153.5955048,20.91051075,118.5547155,3,4,"rain","AG",""
"JG_CO_150_H","p_150","H","MS","North Panola School District",34.43792247,-90.08337915,8.3,161,124,36,7876,329,-11,340,161,217,259,56,1382,143,79,20,419,245,287,378,74,0.0884964439935382,0.450061900074474,0.0121965985216186,0.00254190149547147,0.00380525944141214,6.33544839613257e-05,0.00541892404416642,8.47992798152154e-05,0.00100625237058263,0.000135046682524471,0.00427962097263533,0.0340493371096246,0.00297112395461605,0.0151996471247644,0.000765032678770583,0.000276147861462892,0.000302419756272611,3.97149907366653e-05,0.00045799392056814,4.31651910176337e-05,0.000172335068522895,5.1299758071653e-05,0.000294101285149859,0.00174812693603173,21.57803166,1.688246714,52.88209379,153.5955048,20.91051075,118.5547155,3,4,"rain","AG",""
"JG_CO_150_I","p_150","I","MS","North Panola School District",34.43792247,-90.08337915,8.3,161,124,36,7876,329,-11,340,161,217,259,56,1382,143,79,20,419,245,287,378,74,0.0879222796689629,0.429865642253669,0.0122029918293184,0.00270329655860005,0.00378891094298281,5.74187684278725e-05,0.00519779197887963,0.000104073722460973,0.000536740779987123,0.000137475321967228,0.00416179237916908,0.0344642860038108,0.00205929449148441,0.00677669643925525,0.000572791469953229,0.000297950963943742,0.000371727882176991,2.99879881267313e-05,0.0003866024162964,4.7016563832877e-05,0.00011814855269147,4.88148668657993e-05,0.00030541362989881,0.00123252525253018,21.57803166,1.688246714,52.88209379,153.5955048,20.91051075,118.5547155,3,4,"rain","AG",""
"JG_CO_188_B","p_188","B","AL","Wilhites",34.306403,-86.932651,8.4,151,132,38,7621,318,-22,340,66,207,246,49,1461,165,85,17,429,286,321,406,267,0.111870347601327,0.502625220660295,0.012008447354767,0.00273323157100635,0.00405999549631247,5.30355286279069e-05,0.0061047271972274,0.000100319673127224,0.000581912939966326,0.000123465184496563,0.00461746761575647,0.0472001239357494,0.00398326431210886,0.0154217327918096,0.00113348624657823,0.000510484801286554,0.000409793532651966,2.75150984919316e-05,0.000540978554774277,6.73200109298597e-05,0.000146915404005867,5.68844103720881e-05,0.000640593773889879,0.00174942576121551,22.57635615,2.215862327,56.37433595,152.6860456,21.06773064,113.5482043,4.462401796,4,"rain","AG",""
"JG_CO_188_C","p_188","C","AL","Wilhites",34.306403,-86.932651,8.4,151,132,38,7621,318,-22,340,66,207,246,49,1461,165,85,17,429,286,321,406,267,0.0820616798212685,0.439998827004038,0.0154708835756839,0.00282128898083144,0.0037768581503325,5.50713511403261e-05,0.00556798219449543,8.49070786448864e-05,0.000867215403479626,0.000137125003283193,0.00490499281778494,0.0343350571908507,0.00167771445900102,0.0085051371816075,0.000716736383906166,0.000307769840620403,0.000331787832945012,3.06565299553964e-05,0.000497263240163529,4.47160659464326e-05,0.000186082214783959,6.20452872521737e-05,0.000377168330933049,0.00134652432377902,22.57635615,2.215862327,56.37433595,152.6860456,21.06773064,113.5482043,4.462401796,4,"rain","AG",""
"JG_CO_188_D","p_188","D","AL","Wilhites",34.306403,-86.932651,8.4,151,132,38,7621,318,-22,340,66,207,246,49,1461,165,85,17,429,286,321,406,267,0.0914078423113092,0.478459116442915,0.0170084601431589,0.00274834013466593,0.00427688599541907,5.17220373138577e-05,0.00611682734016903,8.0804163344813e-05,0.00135410751433188,0.00016592250265102,0.00537245756296559,0.0323176584637137,0.00178226936096412,0.00575634743388886,0.000668039790430198,0.000265088903594115,0.000349343067762392,3.36713921865851e-05,0.000386270555953746,3.84365405202756e-05,0.000202972685459118,7.09103388414232e-05,0.000415426853495324,0.00180079846733612,22.57635615,2.215862327,56.37433595,152.6860456,21.06773064,113.5482043,4.462401796,4,"rain","AG",""
"JG_CO_194_A","p_194","A","IN","Connersville",39.61004,-85.243019,8.2,103,120,31,9097,292,-84,376,196,-20,215,-20,1059,120,63,20,332,207,304,207,339,0.0791783582434653,0.447892531692984,0.0170436111874753,0.00266817062554105,0.00396696770956774,5.17741550038129e-05,0.00572281713835046,8.41188826211185e-05,0.00132544477182573,0.000119213447081103,0.00498694536802683,0.0331230518839824,0.00198817074214677,0.00736895737275326,0.000772975055333853,0.000262658020328112,0.000315265314974218,2.47378430405365e-05,0.000526802258538377,4.5318881285962e-05,0.000168945290994476,4.78602685018506e-05,0.000400617885282702,0.00151009255730475,25.9457478,2.645370758,57.39393939,148.8223712,16.09549365,91.02616604,4.261625471,3,"rain","AG","Located near drainage ditch"
"JG_CO_194_B","p_194","B","IN","Connersville",39.61004,-85.243019,8.2,103,120,31,9097,292,-84,376,196,-20,215,-20,1059,120,63,20,332,207,304,207,339,0.077813952040337,0.434808272327123,0.0162282604143411,0.00245200789964605,0.00399302689708528,5.13020102347573e-05,0.00567363533339031,6.79937763228551e-05,0.00144542570435759,0.000174118219858204,0.00477783629717517,0.0291708978116053,0.00186997121385605,0.0104300972842712,0.000766444289965139,0.00025589837415255,0.000370225499817796,3.19992872582036e-05,0.000389020700893822,3.61539580757756e-05,0.000209856517041609,6.19766374080907e-05,0.000335752421279975,0.00179158764018243,25.9457478,2.645370758,57.39393939,148.8223712,16.09549365,91.02616604,4.261625471,3,"rain","AG","Located near drainage ditch"
"JG_CO_194_C","p_194","C","IN","Connersville",39.61004,-85.243019,8.2,103,120,31,9097,292,-84,376,196,-20,215,-20,1059,120,63,20,332,207,304,207,339,0.0837908500924103,0.454971623102028,0.0160283343238444,0.00253976657797419,0.00424137386873784,4.17432788760402e-05,0.00584055845105602,6.80420797977456e-05,0.000951708007250445,0.000120339990701449,0.00494647300879295,0.0318107875482955,0.00148519430634585,0.00579292558535986,0.000584762830518657,0.000225119713851879,0.000323333806366495,1.99173085440904e-05,0.000333463657167552,3.67840324696172e-05,0.000145384249407536,5.72345298403539e-05,0.000381964955980761,0.00178510936515019,25.9457478,2.645370758,57.39393939,148.8223712,16.09549365,91.02616604,4.261625471,3,"rain","AG","Located near drainage ditch"
"JG_CO_194_F","p_194","F","IN","Connersville",39.61004,-85.243019,8.2,103,120,31,9097,292,-84,376,196,-20,215,-20,1059,120,63,20,332,207,304,207,339,0.0899271598832476,0.455121054965853,0.014370615146194,0.00256702455391067,0.00402177609266697,5.05082915598781e-05,0.0054993234277448,0.000102184669510517,0.0012581839754802,0.000147188753142142,0.0047131999746371,0.0316532016246969,0.00210902213385136,0.00590983190059868,0.000575154626229728,0.000251111936665985,0.000316818841670158,2.6230535951468e-05,0.000475718866726513,4.49045992280492e-05,0.000204485374492648,5.40957423266778e-05,0.000347440301063686,0.00150345366826509,25.9457478,2.645370758,57.39393939,148.8223712,16.09549365,91.02616604,4.261625471,3,"rain","AG","Located near drainage ditch"
"JG_CO_194_G","p_194","G","IN","Connersville",39.61004,-85.243019,8.2,103,120,31,9097,292,-84,376,196,-20,215,-20,1059,120,63,20,332,207,304,207,339,0.0926463025689749,0.490040744915874,0.0165591572250345,0.00283561340463392,0.00437510454915971,4.51593812911414e-05,0.00643802556931779,8.97449417863042e-05,0.00145559426231278,0.00015377715145143,0.00517791019197736,0.0331237174984368,0.00252848648425286,0.0106059540163565,0.000783470269572156,0.000324786490747537,0.000334895749368364,2.45507139384444e-05,0.000589015318650359,4.31430656459255e-05,0.000209672626899976,7.52012382715234e-05,0.000426419712866272,0.00191276978471387,25.9457478,2.645370758,57.39393939,148.8223712,16.09549365,91.02616604,4.261625471,3,"rain","AG","Located near drainage ditch"
"JG_CO_194_I","p_194","I","IN","Connersville",39.61004,-85.243019,8.2,103,120,31,9097,292,-84,376,196,-20,215,-20,1059,120,63,20,332,207,304,207,339,0.0908689070276812,0.48298482638462,0.0169231845747723,0.00260615121073986,0.004358340521017,4.2606764324208e-05,0.00601079217250623,7.9038257638617e-05,0.00147067940448266,0.000181254067828865,0.00541194001466698,0.0330750807925784,0.00206897900553953,0.00692648403716089,0.00068020025648413,0.000268534088944241,0.000376559259552232,2.9147658134374e-05,0.000395992855357065,4.25373078456598e-05,0.000200881509836646,6.85507974809798e-05,0.000435079385842013,0.00138151972270303,25.9457478,2.645370758,57.39393939,148.8223712,16.09549365,91.02616604,4.261625471,3,"rain","AG","Located near drainage ditch"
"JG_CO_197_A","p_197","A","IN","Bryantsville",38.780345,-86.57307,8.3,119,126,34,8834,304,-65,369,209,1,229,1,1135,123,71,18,345,232,320,232,178,0.0937015390383295,0.497426123425008,0.0209273604003508,0.00297776006425319,0.00492194406647563,6.15000599005093e-05,0.00693134881131609,7.61118731929767e-05,0.00217165691807432,0.00019206829549891,0.00590579779774286,0.0418672243969873,0.00219753927438236,0.00679198687350918,0.000889658463655411,0.000316869424945667,0.000442589467642273,3.81704048724515e-05,0.000522909868911257,4.60075190416812e-05,0.000291099356496912,7.73871999129196e-05,0.000471043796819932,0.00205618891036897,23.8947963,2.150038834,60.88773565,154.5041305,18.18737026,95.14832663,5,3,"rain","AG",""
"JG_CO_197_B","p_197","B","IN","Bryantsville",38.780345,-86.57307,8.3,119,126,34,8834,304,-65,369,209,1,229,1,1135,123,71,18,345,232,320,232,178,0.0871778993969914,0.460054253561284,0.017360878017164,0.00261773736437337,0.00430025298633044,6.31311364523216e-05,0.00574440640224102,7.22389787275e-05,0.00143981811360413,0.000144967138534377,0.00524631616431187,0.0327104956543493,0.00284491285672691,0.0130017577662335,0.000863597399478762,0.000277485693966078,0.000369954402470589,3.31227229323778e-05,0.000415840440693808,3.66425144584886e-05,0.000256590410271799,6.06683218863233e-05,0.000436431226127489,0.00153518555490906,23.8947963,2.150038834,60.88773565,154.5041305,18.18737026,95.14832663,5,3,"rain","AG",""
"JG_CO_197_C","p_197","C","IN","Bryantsville",38.780345,-86.57307,8.3,119,126,34,8834,304,-65,369,209,1,229,1,1135,123,71,18,345,232,320,232,178,0.0906114724566314,0.472755934101965,0.0167254536167268,0.00269960567874535,0.00435292023792124,5.38151217049457e-05,0.00610245738990082,9.99068273234618e-05,0.00128479435395087,0.000193629159333003,0.00520830800733422,0.0333603251133126,0.00245035316243864,0.00674878885783285,0.000923759312276768,0.000282941486161525,0.000291365054525222,3.17070044565064e-05,0.00039657110517008,5.16785652514315e-05,0.000217719321086005,8.32322014517823e-05,0.000414314422822109,0.00133558318858509,23.8947963,2.150038834,60.88773565,154.5041305,18.18737026,95.14832663,5,3,"rain","AG",""
"JG_CO_197_D","p_197","D","IN","Bryantsville",38.780345,-86.57307,8.3,119,126,34,8834,304,-65,369,209,1,229,1,1135,123,71,18,345,232,320,232,178,0.0877539781868888,0.460970561802273,0.0166338339702047,0.00246816981115947,0.00419864688236129,5.81563195136179e-05,0.0057616264683837,8.29128306302863e-05,0.00127960191196936,0.000156525633596862,0.00496878038997442,0.031666892810908,0.00166259064481945,0.0063524534641994,0.000713747861938414,0.000282473102055888,0.000330832882199334,3.03629435919904e-05,0.000347669713017743,4.94290803732767e-05,0.000210893383684249,6.54976753428952e-05,0.00041421696198914,0.00144875200412419,23.8947963,2.150038834,60.88773565,154.5041305,18.18737026,95.14832663,5,3,"rain","AG",""
"JG_CO_197_E","p_197","E","IN","Bryantsville",38.780345,-86.57307,8.3,119,126,34,8834,304,-65,369,209,1,229,1,1135,123,71,18,345,232,320,232,178,0.086667046989542,0.4561673300076,0.0161271251239535,0.00247085950326464,0.00424541313589512,5.75001433479063e-05,0.00564927219010359,8.52861147024154e-05,0.0015953498800798,0.000158981727215653,0.00475869293621931,0.0349721902124036,0.0035948182326582,0.0173863216787028,0.000926069328840375,0.000346452801937462,0.000542758967516741,3.45077144027537e-05,0.000502152475299861,3.86780626597225e-05,0.000220755467918019,6.27401648675115e-05,0.000358912037580809,0.00158554850420695,23.8947963,2.150038834,60.88773565,154.5041305,18.18737026,95.14832663,5,3,"rain","AG",""
"JG_CO_197_F","p_197","F","IN","Bryantsville",38.780345,-86.57307,8.3,119,126,34,8834,304,-65,369,209,1,229,1,1135,123,71,18,345,232,320,232,178,0.085419066142372,0.454899804941436,0.0163642403754156,0.00237526629663982,0.00425551161991043,4.03770037306119e-05,0.00601714017232029,8.84569140436398e-05,0.00162760264915088,0.000169460217492067,0.005060968943546,0.030729801412245,0.00266077538671107,0.00988944243464648,0.000665941082506418,0.000236570466634167,0.000351512074944702,2.60791524882211e-05,0.000457674738248839,5.2540411770877e-05,0.000225854105369062,6.28637084002675e-05,0.000428943972864623,0.00144146195845638,23.8947963,2.150038834,60.88773565,154.5041305,18.18737026,95.14832663,5,3,"rain","AG",""
"JG_CO_197_G","p_197","G","IN","Bryantsville",38.780345,-86.57307,8.3,119,126,34,8834,304,-65,369,209,1,229,1,1135,123,71,18,345,232,320,232,178,0.084925240970983,0.447506937454736,0.0177751717558204,0.00265172105579628,0.00424466427645736,5.84633786130332e-05,0.00615381017733457,7.25738833611121e-05,0.00163702167602353,0.000156289785492926,0.00545485730939702,0.032507939979667,0.00212149635546121,0.00749753573590594,0.000769467725118645,0.000306109631839332,0.000316490869292631,2.9586879905218e-05,0.000440630824415517,3.95380030508908e-05,0.000217899827965106,6.5009238934485e-05,0.00034281061262052,0.00191989622338837,23.8947963,2.150038834,60.88773565,154.5041305,18.18737026,95.14832663,5,3,"rain","AG",""
"JG_CO_197_H","p_197","H","IN","Bryantsville",38.780345,-86.57307,8.3,119,126,34,8834,304,-65,369,209,1,229,1,1135,123,71,18,345,232,320,232,178,0.0786710252479673,0.419375327041718,0.0159262214290174,0.00233636915451877,0.00381970193828036,6.44212498521568e-05,0.00563671931924065,7.12602612852367e-05,0.00139524993415997,0.000153492133419246,0.00483802436788918,0.0311036133739535,0.0035368383900224,0.0207251419962024,0.00112014502191313,0.000285128492773795,0.000349984859756363,4.29371788307417e-05,0.000498671181486909,4.33796319526901e-05,0.000175101702523696,6.27470267972516e-05,0.00038226840794593,0.00245502930064659,23.8947963,2.150038834,60.88773565,154.5041305,18.18737026,95.14832663,5,3,"rain","AG",""
"JG_CO_197_I","p_197","I","IN","Bryantsville",38.780345,-86.57307,8.3,119,126,34,8834,304,-65,369,209,1,229,1,1135,123,71,18,345,232,320,232,178,0.0841395120086906,0.43844588435948,0.0169250747713674,0.0025315490350338,0.00425491840461284,5.99771337044896e-05,0.00578145765759335,7.86743998023657e-05,0.0020668944664263,0.000144482748044229,0.00507184555629845,0.0313880159417426,0.0016094587509944,0.00679136735923897,0.00067536547452232,0.000297105462115846,0.000363457842060504,3.62591542937914e-05,0.000382544955605256,3.60748417283516e-05,0.000271352418130222,6.37273774084367e-05,0.000352927870473221,0.00148818067547685,23.8947963,2.150038834,60.88773565,154.5041305,18.18737026,95.14832663,5,3,"rain","AG",""
"JG_CO_199_A","p_199","A","KY","Utica",37.62723,-87.153139,8.3,135,123,33,8676,315,-50,365,134,198,243,18,1169,118,70,15,351,245,283,275,120,0.0952971281447186,0.48810751467948,0.019350470521924,0.002922314251892,0.00494669610054694,5.30705522067248e-05,0.00653624772212018,8.92481259599242e-05,0.00105547139941796,0.00017172088489746,0.00554099393847944,0.0363914050454467,0.00186741025883554,0.00510217641250152,0.000789622689748699,0.000321350859202469,0.000507292941519476,2.99116912713111e-05,0.000565725707810969,6.00772625798124e-05,0.000186948282872047,6.86787264351723e-05,0.000534484469326885,0.0013188285506202,22.13961831,1.801119242,59.60525183,154.2976037,19.8966247,100.2728333,2.617305209,4,"rain","AG",""
"JG_CO_199_B","p_199","B","KY","Utica",37.62723,-87.153139,8.3,135,123,33,8676,315,-50,365,134,198,243,18,1169,118,70,15,351,245,283,275,120,0.0896721272967946,0.458769513952022,0.0175078280108939,0.00267806032133932,0.00455378082337126,4.23565816668156e-05,0.00619578155311823,7.53319329232301e-05,0.00180548681897258,0.000163682237417296,0.0051221053261774,0.0309093195131374,0.0018639498494069,0.00597155569558743,0.000846617879240807,0.000312882016811512,0.000413786597173301,2.86595256354763e-05,0.000366320481484023,4.49133267213018e-05,0.000230009273697248,7.22249695111757e-05,0.000416151779745497,0.00146765042063681,22.13961831,1.801119242,59.60525183,154.2976037,19.8966247,100.2728333,2.617305209,4,"rain","AG",""
"JG_CO_199_C","p_199","C","KY","Utica",37.62723,-87.153139,8.3,135,123,33,8676,315,-50,365,134,198,243,18,1169,118,70,15,351,245,283,275,120,0.106500974777723,0.559965311642196,0.0295522734907667,0.0036261522422691,0.00553208332418488,6.63245793064265e-05,0.00736035593951246,8.78873178893949e-05,0.00134650430833349,0.000124695226486921,0.00722866808149348,0.056282280946699,0.0026591899978908,0.00442897859813256,0.00104766119923917,0.000378749503943427,0.000549683679944444,3.73415189512773e-05,0.00061263178968364,6.80599876347313e-05,0.000270317782696674,6.66826172670813e-05,0.000531198622373093,0.00199711187250836,22.13961831,1.801119242,59.60525183,154.2976037,19.8966247,100.2728333,2.617305209,4,"rain","AG",""
"JG_CO_199_D","p_199","D","KY","Utica",37.62723,-87.153139,8.3,135,123,33,8676,315,-50,365,134,198,243,18,1169,118,70,15,351,245,283,275,120,0.0832122559012737,0.439660494415779,0.0157680319959617,0.00239018306415289,0.00391005320016639,5.49690352382442e-05,0.0056812993804908,8.80185524478811e-05,0.00104747841771073,0.000149877966652848,0.00476448313992277,0.0311539134247074,0.00175076060800126,0.00780605897254465,0.000613254756328348,0.000259960235462334,0.000409228629232934,3.221747750219e-05,0.000450991264145206,4.42944153767004e-05,0.000156036519551384,6.6100961367533e-05,0.000383388454217635,0.00139432768881293,22.13961831,1.801119242,59.60525183,154.2976037,19.8966247,100.2728333,2.617305209,4,"rain","AG",""
"JG_CO_199_E","p_199","E","KY","Utica",37.62723,-87.153139,8.3,135,123,33,8676,315,-50,365,134,198,243,18,1169,118,70,15,351,245,283,275,120,0.0934594048732156,0.4591159116485,0.0132942872222564,0.00226223056019287,0.00432190812765132,5.34990334535554e-05,0.00564295226238582,8.97376293822889e-05,0.00106658128462412,0.000176374650694416,0.00445794091880997,0.0304279589136446,0.0018435293937136,0.00642811738950269,0.000604001261114933,0.000279397287817751,0.000400088472517723,2.92292271527255e-05,0.000449845841453575,5.59477017805713e-05,0.000152067526660143,7.039049701998e-05,0.000378197362302898,0.00121859459750234,22.13961831,1.801119242,59.60525183,154.2976037,19.8966247,100.2728333,2.617305209,4,"rain","AG",""
"JG_CO_204_A","p_204","A","TN","Knoxville",36.072265,-83.774627,8.4,138,128,37,7869,306,-36,342,217,196,236,33,1245,127,73,14,342,254,325,324,306,0.0953521791909913,0.498124535736015,0.0170624910726857,0.00268104476237802,0.00459504124056552,4.13633338430404e-05,0.0062860021049082,9.13093024203489e-05,0.00141148080739947,0.000164229535080049,0.00526823267969563,0.0347115775868395,0.00248145182404849,0.0139630452066136,0.000732565515390077,0.000295843253785368,0.000458458061588949,2.89482702295854e-05,0.000484067007228337,7.32863205639687e-05,0.00022615878025603,6.69629721885129e-05,0.000524118738051407,0.00177458686260984,24.38425519,1.965100966,59.58955224,149.1493269,20.920702,100.5914911,4.027655838,0,"rain","NOAG",""
"JG_CO_204_B","p_204","B","TN","Knoxville",36.072265,-83.774627,8.4,138,128,37,7869,306,-36,342,217,196,236,33,1245,127,73,14,342,254,325,324,306,0.0947970708155037,0.500402958993082,0.0179752417755885,0.0028548234031748,0.00456970325251733,5.32928567243658e-05,0.00663467624193647,8.17322001396157e-05,0.00167524888727689,0.000161588001585148,0.00553072955971615,0.0340066117386727,0.00181729367947519,0.00497095036575282,0.000718799101999502,0.000295951511266174,0.000372248406948642,2.79397817533389e-05,0.000503161033561098,4.53668546276914e-05,0.000213133064420333,8.78531146950889e-05,0.000384876531409539,0.00133722667250537,24.38425519,1.965100966,59.58955224,149.1493269,20.920702,100.5914911,4.027655838,0,"rain","NOAG",""
"JG_CO_204_C","p_204","C","TN","Knoxville",36.072265,-83.774627,8.4,138,128,37,7869,306,-36,342,217,196,236,33,1245,127,73,14,342,254,325,324,306,0.0895876020987925,0.455356380711288,0.0134022482001512,0.00227567237620705,0.00394835981545538,5.09946014090058e-05,0.00565818517480812,6.47311232219681e-05,0.000979842641387007,0.00014165569246979,0.00441172795722044,0.0324626120386754,0.00231468440415932,0.00932484253410382,0.000626523495586178,0.000245454305308107,0.00039654804758453,2.64375436592441e-05,0.000374389067122813,3.7465301922118e-05,0.000153445174797562,6.43084104827272e-05,0.000292823796429011,0.00146866691172254,24.38425519,1.965100966,59.58955224,149.1493269,20.920702,100.5914911,4.027655838,0,"rain","NOAG",""
"JG_CO_204_D","p_204","D","TN","Knoxville",36.072265,-83.774627,8.4,138,128,37,7869,306,-36,342,217,196,236,33,1245,127,73,14,342,254,325,324,306,0.0892720449597659,0.474428899438081,0.0163235505914468,0.00263965208293564,0.00425422916499405,4.19610046689031e-05,0.00631450365435013,8.12363561924419e-05,0.00160276339094267,0.000127474987176111,0.00502834724067302,0.0330641432347623,0.00202071890073993,0.0077191379403531,0.000812028719243905,0.000246132573484105,0.000329013669858926,2.64910871469233e-05,0.000490460049048734,4.71512551703327e-05,0.000209663387098847,5.17710423657145e-05,0.000393848168600592,0.00140431111885636,24.38425519,1.965100966,59.58955224,149.1493269,20.920702,100.5914911,4.027655838,0,"rain","NOAG",""
"JG_CO_206_A","p_206","A","VA","Big Stone Gap",36.902334,-82.678635,8.4,123,129,38,7780,291,-48,339,202,130,220,19,1151,118,73,12,326,247,314,276,504,0.0915143603285622,0.454217629587271,0.0128110323062672,0.00237182504958822,0.00383084341487032,4.8395234405149e-05,0.00540539160731003,9.67899410782463e-05,0.00107364824426775,0.000151700095810174,0.00430993213783661,0.0341993571961362,0.00160320236266039,0.00427665499200501,0.000528828909072406,0.00025100200351679,0.000267163130680135,2.74953319189588e-05,0.000373714996992853,4.92585933153418e-05,0.000156362018228558,6.45750913719512e-05,0.000318837921497531,0.00173615554040855,24.19995658,3.836517586,54.01968447,146.2077001,17.84563178,98.44861774,0,3,"rain","AG",""
"JG_CO_206_B","p_206","B","VA","Big Stone Gap",36.902334,-82.678635,8.4,123,129,38,7780,291,-48,339,202,130,220,19,1151,118,73,12,326,247,314,276,504,0.10954357432933,0.516628325875735,0.0123931996787098,0.00242545369624309,0.00423278860493018,4.2212097762451e-05,0.00580697559800049,9.25960663600714e-05,0.00124525712087398,0.000149978296190577,0.00448421444948796,0.0394813909680511,0.00332377223537101,0.0155949841007495,0.000755332944006572,0.000389357077045284,0.000411714580020614,2.55712687743835e-05,0.000648224069396033,5.22185620106315e-05,0.000192448632333333,7.05086530353965e-05,0.000375545939626204,0.00180630866852584,24.19995658,3.836517586,54.01968447,146.2077001,17.84563178,98.44861774,0,3,"rain","AG",""
"JG_CO_206_C","p_206","C","VA","Big Stone Gap",36.902334,-82.678635,8.4,123,129,38,7780,291,-48,339,202,130,220,19,1151,118,73,12,326,247,314,276,504,0.0971492095930237,0.51092781083761,0.018092740776525,0.00289625231583141,0.00464552506834497,3.74867358319335e-05,0.00691314915792073,9.07889267870831e-05,0.00165915114725119,0.000163770074196249,0.00541888379828515,0.0347749304408262,0.00162964753146878,0.00555541867397556,0.000826866594821299,0.000348800745205745,0.00042571939216456,2.61088843412875e-05,0.000540220165806895,4.8601157880404e-05,0.00020353496720331,7.15007625573501e-05,0.000468612879833984,0.00168931213176092,24.19995658,3.836517586,54.01968447,146.2077001,17.84563178,98.44861774,0,3,"rain","AG",""
"JG_CO_206_D","p_206","D","VA","Big Stone Gap",36.902334,-82.678635,8.4,123,129,38,7780,291,-48,339,202,130,220,19,1151,118,73,12,326,247,314,276,504,0.0850491981050362,0.454298027083675,0.0161886585655866,0.00263303196443743,0.00425346915299779,4.92953018713935e-05,0.00604497295332335,7.72630872487722e-05,0.00148180877528558,0.000176722875536312,0.00487243963379157,0.0307095798330893,0.00615426733776085,0.0303664658613157,0.000981416096957114,0.000300244838174607,0.000356904510427112,2.60488640779448e-05,0.000640083047350136,4.49292439360784e-05,0.000181285933031027,7.48515654846796e-05,0.000406485278724793,0.00233280010983774,24.19995658,3.836517586,54.01968447,146.2077001,17.84563178,98.44861774,0,3,"rain","AG",""
"JG_CO_206_E","p_206","E","VA","Big Stone Gap",36.902334,-82.678635,8.4,123,129,38,7780,291,-48,339,202,130,220,19,1151,118,73,12,326,247,314,276,504,0.0961198688475789,0.517259452455517,0.0181619072789775,0.00299889107272225,0.00453677126932079,4.30031458153343e-05,0.00668754489727702,6.25568937736103e-05,0.00207123684490753,0.000178474336479641,0.00562562228471366,0.0351639144014378,0.00175839924515458,0.00710625498601893,0.000719911501723525,0.000336025264641377,0.000401934456250747,2.77893903367058e-05,0.000435456182180549,3.88188548220339e-05,0.000298705945985418,7.99643844317657e-05,0.000465777017364648,0.00150324654907038,24.19995658,3.836517586,54.01968447,146.2077001,17.84563178,98.44861774,0,3,"rain","AG",""
"JG_CO_207_A","p_207","A","OH","Mt. Vernon",40.35827,-82.530223,8.1,94,121,32,9109,283,-94,377,186,-30,206,-30,1011,111,57,20,320,190,308,190,342,0.113506567826709,0.553076132187763,0.0172218506934429,0.0034423966696413,0.00486264486277502,4.74608377937991e-05,0.00675960621430886,0.000117230807307616,0.0013467335234596,0.000156206998397045,0.00538986586856884,0.0475404933735147,0.00263790742593053,0.00828091555748565,0.00089326161018965,0.000384797841408916,0.000532050278893305,2.54282487933624e-05,0.000430648889498511,6.22426133581925e-05,0.000276443895906056,8.43098788687837e-05,0.000543270137723396,0.00177983832547861,24.79510514,3.588210962,58.13326439,153.9045846,15.72069355,83.53890038,3.137125129,3,"rain","AG",""
"JG_CO_207_B","p_207","B","OH","Mt. Vernon",40.35827,-82.530223,8.1,94,121,32,9109,283,-94,377,186,-30,206,-30,1011,111,57,20,320,190,308,190,342,0.11073031222607,0.558079057342262,0.0170858460864099,0.00315000710823558,0.00489433353971186,5.53738812624309e-05,0.00677203176496017,9.76409541866513e-05,0.00110831381597233,0.000172476428712951,0.00551617560847838,0.0408731235451606,0.00195517934262295,0.00936711531920538,0.0010799675520082,0.000352176050397295,0.00054240336471392,3.13478888298019e-05,0.000585462607383366,5.24490572182284e-05,0.000209730348427832,8.93455807056098e-05,0.000395321375729805,0.00177539429232632,24.79510514,3.588210962,58.13326439,153.9045846,15.72069355,83.53890038,3.137125129,3,"rain","AG",""
"JG_CO_207_C","p_207","C","OH","Mt. Vernon",40.35827,-82.530223,8.1,94,121,32,9109,283,-94,377,186,-30,206,-30,1011,111,57,20,320,190,308,190,342,0.12809586732834,0.60097948767203,0.0142784294331555,0.00290365347520134,0.0052344146461915,3.60744192654059e-05,0.00691965043774305,0.000113562393961345,0.0014555233503528,0.000191082112478286,0.00507140644560465,0.0468329048986057,0.0021754391108254,0.00453521057558393,0.000913823352464348,0.000323865345438814,0.000546000640692703,2.12400739017012e-05,0.000529407887158357,6.55751482318647e-05,0.000295034441203069,7.99023761129737e-05,0.000461820903788065,0.00169637339987554,24.79510514,3.588210962,58.13326439,153.9045846,15.72069355,83.53890038,3.137125129,3,"rain","AG",""
"JG_CO_207_D","p_207","D","OH","Mt. Vernon",40.35827,-82.530223,8.1,94,121,32,9109,283,-94,377,186,-30,206,-30,1011,111,57,20,320,190,308,190,342,0.137978290138022,0.625428488433174,0.0122571859292441,0.00273596237838167,0.00450167053134596,2.55153048704085e-05,0.00718607062333597,0.000157800642746374,0.00156038980945485,0.000103126079448243,0.00474453832495166,0.0520433483453769,0.00512452520312654,0.0084603081982168,0.00171571697648604,0.00034017247876399,0.000733578275076668,2.51488573340402e-05,0.00120188407551945,7.86194140557911e-05,0.000422923116403676,3.71278329380517e-05,0.000565572945024301,0.00266677689489506,24.79510514,3.588210962,58.13326439,153.9045846,15.72069355,83.53890038,3.137125129,3,"rain","AG",""
"JG_CO_207_E","p_207","E","OH","Mt. Vernon",40.35827,-82.530223,8.1,94,121,32,9109,283,-94,377,186,-30,206,-30,1011,111,57,20,320,190,308,190,342,0.130696046909156,0.599834490562648,0.0137527847140073,0.00297975111062548,0.00491770414567774,3.07320700894036e-05,0.00692002789857281,8.78736182575983e-05,0.00171590828033215,0.000155229524455245,0.00503131894725397,0.0448508323187217,0.00379079710845685,0.0064436940997236,0.00106635435785699,0.000392012583479503,0.000549319392786086,2.76456197127722e-05,0.000540636362726288,5.43186881158553e-05,0.00026957667030092,6.32645470801025e-05,0.000564364529392371,0.00183790552608159,24.79510514,3.588210962,58.13326439,153.9045846,15.72069355,83.53890038,3.137125129,3,"rain","AG",""
"JG_CO_215_A","p_215","A","OK","Whitesboro",34.67088667,-94.762925,8.4,157,142,37,8056,340,-36,376,157,48,257,48,1274,169,65,23,405,242,284,242,233,0.0871265379553246,0.454280174159027,0.014848726178944,0.00253392787615953,0.00406843576297943,4.90855395444833e-05,0.00576782187634885,9.26950061882607e-05,0.00109596402320118,0.000157699822688492,0.00457089353979784,0.0335655807034881,0.00222203153966838,0.0113662938326758,0.000612425420727842,0.000282654363465615,0.000352695613579125,2.59656062639026e-05,0.000412214375630216,4.86427376977824e-05,0.000133846286918044,7.67711206918475e-05,0.000283858121820716,0.00139004525630375,19.48453072,1.806708315,59.30209728,156.4393872,22.9162487,98.75658188,0,5,"rain","NOAG",""
"JG_CO_215_B","p_215","B","OK","Whitesboro",34.67088667,-94.762925,8.4,157,142,37,8056,340,-36,376,157,48,257,48,1274,169,65,23,405,242,284,242,233,0.0872493534250616,0.452217185871804,0.0142987755453187,0.00240342839176962,0.00399211479031709,4.81012647218681e-05,0.00578822821522098,8.44829455409438e-05,0.00125319164186383,0.000151282249891177,0.00451131972495639,0.0340923670475486,0.00167490786760537,0.00854621274603701,0.000537793357880971,0.000259109112941464,0.000330533730509252,1.89418450766535e-05,0.000499757071818249,5.34521826057623e-05,0.000185388549785373,5.85321181253775e-05,0.000350426341197291,0.00141831642554787,19.48453072,1.806708315,59.30209728,156.4393872,22.9162487,98.75658188,0,5,"rain","NOAG",""
"JG_CO_215_C","p_215","C","OK","Whitesboro",34.67088667,-94.762925,8.4,157,142,37,8056,340,-36,376,157,48,257,48,1274,169,65,23,405,242,284,242,233,0.0881173103403594,0.445151890823926,0.0141987748684497,0.00250807225658696,0.00402523558448119,3.87421047357782e-05,0.00541721623791327,9.4701898100477e-05,0.00121179317254724,0.000143633799011039,0.00443356945559494,0.0358643780457583,0.00158672298258842,0.00522612349234395,0.00058084473261006,0.000279531253680337,0.000315577268265738,1.99341456214296e-05,0.000415941541872704,4.96577297865642e-05,0.000165307579710776,6.48051380564784e-05,0.000358510938891316,0.00159541863407145,19.48453072,1.806708315,59.30209728,156.4393872,22.9162487,98.75658188,0,5,"rain","NOAG",""
"JG_CO_215_D","p_215","D","OK","Whitesboro",34.67088667,-94.762925,8.4,157,142,37,8056,340,-36,376,157,48,257,48,1274,169,65,23,405,242,284,242,233,0.0926918448657128,0.462026509696085,0.0129175731752739,0.00236344406928692,0.00409140780711745,5.60588408595859e-05,0.00545975273524442,7.83350843747076e-05,0.00108789955047885,0.000151847385927046,0.00439425863784243,0.0361679572864675,0.00214489709773521,0.00675328355098495,0.000667648524973859,0.000271594676831728,0.000406541715245451,3.5839623242133e-05,0.000321707241152507,4.00105460355871e-05,0.000171736434913733,6.51170862410542e-05,0.000348399911339373,0.00150470629002833,19.48453072,1.806708315,59.30209728,156.4393872,22.9162487,98.75658188,0,5,"rain","NOAG",""
"JG_CO_215_E","p_215","E","OK","Whitesboro",34.67088667,-94.762925,8.4,157,142,37,8056,340,-36,376,157,48,257,48,1274,169,65,23,405,242,284,242,233,0.081034830254681,0.441499773339869,0.0162163954353775,0.00273652338841022,0.0041692822178076,4.79155518091725e-05,0.00573445910274469,9.38324427850126e-05,0.00113572202087512,0.000166229356517245,0.00477014409339615,0.0371853373355752,0.00136001450439184,0.00452892130622172,0.000652334696073875,0.000277268075083508,0.000356606244260873,2.7904345272749e-05,0.00042473828508351,4.94084452178588e-05,0.000149210464081715,5.84017851114691e-05,0.00040537974780824,0.000975977456013243,19.48453072,1.806708315,59.30209728,156.4393872,22.9162487,98.75658188,0,5,"rain","NOAG",""
"JG_CO_218_B","p_218","B","OK","Muskogee",35.69611667,-95.41165333,9.2,158,130,34,8499,342,-33,375,204,44,263,44,1076,137,47,29,358,168,267,168,184,0.096307526107683,0.492133891201841,0.0145108568915166,0.00264473116875396,0.00430827469714458,4.04574837979234e-05,0.00587132940767618,9.26261914945699e-05,0.0014677370852412,0.000173783508437885,0.00484703392857288,0.0356794802731344,0.00208570108612778,0.0040237946509741,0.000562577676577824,0.00025283851812517,0.000346277816860446,2.81278328321563e-05,0.000450073196102959,4.87962703870877e-05,0.000256201316526631,6.08478263023827e-05,0.000439932315899983,0.00130709955126623,22.99684288,2.272613803,56.17180617,160.6546256,22.98348752,90.33483847,4.405286344,5,"rain","AG","Located in drainage ditch"
"JG_CO_218_C","p_218","C","OK","Muskogee",35.69611667,-95.41165333,9.2,158,130,34,8499,342,-33,375,204,44,263,44,1076,137,47,29,358,168,267,168,184,0.0921126447125205,0.46280609510922,0.0126555517297455,0.00246675849235446,0.00398253765815351,5.54187899210812e-05,0.00548976294445912,9.20231102692024e-05,0.00106799395401694,0.00015064673767485,0.00429407177159459,0.0333999638503377,0.00189046930080871,0.00511644475436816,0.00059983032024593,0.000263838578271664,0.000385601043264534,2.97994531333919e-05,0.00040076029860443,3.91550829820191e-05,0.000158679134891104,6.3724334945471e-05,0.000314788019019726,0.00123996389325079,22.99684288,2.272613803,56.17180617,160.6546256,22.98348752,90.33483847,4.405286344,5,"rain","AG","Located in drainage ditch"
"JG_CO_218_D","p_218","D","OK","Muskogee",35.69611667,-95.41165333,9.2,158,130,34,8499,342,-33,375,204,44,263,44,1076,137,47,29,358,168,267,168,184,0.122331133088187,0.566318804504433,0.0120212909415147,0.00299206753817435,0.00455253000477607,4.26858203856837e-05,0.00639604239507193,0.000113287936225576,0.00104339029269118,0.000147379269155864,0.00448360404277416,0.0476106247778966,0.0024992520632029,0.00514210139041037,0.000817582806903431,0.000359116384285286,0.000459375308673294,2.28168631623254e-05,0.000461543182794943,5.73922804556377e-05,0.000183272471864261,7.02052381123805e-05,0.000429114456924628,0.00151409610663288,22.99684288,2.272613803,56.17180617,160.6546256,22.98348752,90.33483847,4.405286344,5,"rain","AG","Located in drainage ditch"
"JG_CO_218_G","p_218","G","OK","Muskogee",35.69611667,-95.41165333,9.2,158,130,34,8499,342,-33,375,204,44,263,44,1076,137,47,29,358,168,267,168,184,0.0913099533697991,0.48401081436306,0.0153579544058555,0.00255131051928142,0.00439195385766729,5.12297490597329e-05,0.00584336424751379,8.50575014762803e-05,0.00103357417950606,0.000150056766725565,0.00488613363901475,0.0334915501820867,0.0022849995351404,0.00426726221180968,0.000680091844681545,0.000310780162693176,0.000448240436930306,2.99251472552063e-05,0.000435997608355586,4.03327162673277e-05,0.000180136170529403,6.39077189152322e-05,0.000452086671759763,0.00172961459854575,22.99684288,2.272613803,56.17180617,160.6546256,22.98348752,90.33483847,4.405286344,5,"rain","AG","Located in drainage ditch"
"JG_CO_218_H","p_218","H","OK","Muskogee",35.69611667,-95.41165333,9.2,158,130,34,8499,342,-33,375,204,44,263,44,1076,137,47,29,358,168,267,168,184,0.0850346410011495,0.455742566002868,0.014737696536755,0.00265404114964878,0.00404284896075962,4.92854194989971e-05,0.00536752974169964,8.13212519467218e-05,0.00166436567949732,0.00016645107962,0.00467975901924412,0.0329708184123211,0.00177619863867461,0.00459770126701871,0.000577214985193125,0.00030156953551253,0.00037440399238557,2.7040089360093e-05,0.000321183922813359,4.19419094946722e-05,0.000200524906887664,6.04616762813801e-05,0.000394876864739462,0.00150228740289198,22.99684288,2.272613803,56.17180617,160.6546256,22.98348752,90.33483847,4.405286344,5,"rain","AG","Located in drainage ditch"
"JG_CO_220_C","p_220","C","OK","Stillwater",36.05801667,-97.1107945,9.4,153,130,33,8909,344,-44,388,242,35,266,35,875,134,28,41,317,104,254,104,313,0.0918736720132941,0.480226840784048,0.0164784315392477,0.0026300067440646,0.00443600059989901,5.03662589412992e-05,0.00588489164976948,9.00953243913475e-05,0.00147629947792738,0.000149314116444223,0.0052310455062614,0.0328418459491194,0.00189076060445182,0.00476655577487726,0.000601593222949163,0.00032450725355116,0.0003716969417246,2.8617508994491e-05,0.000438734871421809,4.99494240428365e-05,0.000235204717481741,6.4764685559828e-05,0.000385359105173282,0.00150847876108371,20.53318713,1.743932749,62.48289474,163.2296784,22.94832127,74.08951023,2.901535088,3,"rain","AG",""
"JG_CO_220_D","p_220","D","OK","Stillwater",36.05801667,-97.1107945,9.4,153,130,33,8909,344,-44,388,242,35,266,35,875,134,28,41,317,104,254,104,313,0.0921893820103657,0.507450737982685,0.0173952435502395,0.00269616078663962,0.00446647122877179,4.13299886853446e-05,0.00620035688089323,8.46697431400477e-05,0.00136856845475778,0.000171914217077631,0.00537012191641006,0.0355089341866805,0.00191345717615108,0.00474399827056722,0.000686550727156502,0.000289402285180406,0.000432292336742999,2.6518452887688e-05,0.000568060074236708,3.79461194539105e-05,0.000194066325198511,6.51265216757838e-05,0.00036617135815852,0.00124115241167512,20.53318713,1.743932749,62.48289474,163.2296784,22.94832127,74.08951023,2.901535088,3,"rain","AG",""
"JG_CO_220_E","p_220","E","OK","Stillwater",36.05801667,-97.1107945,9.4,153,130,33,8909,344,-44,388,242,35,266,35,875,134,28,41,317,104,254,104,313,0.0906581018831105,0.47336731330919,0.0156297611529819,0.00253730964286321,0.00424584679843951,5.41220033216645e-05,0.00569332308328868,8.16442716243969e-05,0.00112016186444717,0.000157363163607297,0.00488635896286658,0.0344400551740014,0.00221374389377313,0.00447010214272168,0.000741909900620292,0.000275301807131063,0.000332621687840991,3.27363875634777e-05,0.000443544959474213,4.86467098838434e-05,0.000188448696192502,6.11662399868861e-05,0.000434134859113183,0.00145608751952305,20.53318713,1.743932749,62.48289474,163.2296784,22.94832127,74.08951023,2.901535088,3,"rain","AG",""
"JG_CO_223_A","p_223","A","TX","Whitewright",33.492273,-96.482805,9.4,172,122,34,8001,344,-7,351,214,66,273,66,1033,147,50,31,350,181,228,181,228,0.089899988228992,0.474561166961583,0.0147717907524537,0.0025693587211942,0.0040630399407761,5.67537431015937e-05,0.00559226574207135,9.49635005362012e-05,0.00132681147512816,0.000154937325218517,0.0046352346557722,0.0336604256390199,0.00254891359361844,0.0100282828201455,0.000630164482734122,0.000264693949308431,0.000375260939944649,3.01799958560619e-05,0.000413726209644287,7.30358038698488e-05,0.000194437168572959,5.96705933429994e-05,0.000355598867483764,0.00128894504748328,22.16278017,1.757074938,64.01592333,160.1470078,26.10682024,89.89234775,4.71360652,4,"rain","AG",""
"JG_CO_223_C","p_223","C","TX","Whitewright",33.492273,-96.482805,9.4,172,122,34,8001,344,-7,351,214,66,273,66,1033,147,50,31,350,181,228,181,228,0.0949182961381278,0.505192482337482,0.016229638957301,0.00255137239080855,0.00449294709184368,5.28832493679582e-05,0.00614314262520163,9.08072283504792e-05,0.0013008526340852,0.000142020010850072,0.00503088600848866,0.0358241451371552,0.00241421262129231,0.00725833693722559,0.00079129888392568,0.000345698929606159,0.000453444942156265,3.4787066202391e-05,0.000490003524357329,4.98225519793627e-05,0.000231379163039607,5.46881693577087e-05,0.000391100447395164,0.00187979991842597,22.16278017,1.757074938,64.01592333,160.1470078,26.10682024,89.89234775,4.71360652,4,"rain","AG",""
"JG_CO_223_D","p_223","D","TX","Whitewright",33.492273,-96.482805,9.4,172,122,34,8001,344,-7,351,214,66,273,66,1033,147,50,31,350,181,228,181,228,0.0931860917153532,0.472337302916446,0.0140360953326696,0.00247921396961003,0.00431469110796586,5.00641756450735e-05,0.0057166628963237,9.46173091047177e-05,0.00111453824879544,0.000144030097691106,0.00451459288733444,0.0337787470101766,0.00174690857376074,0.00532069840375987,0.00068386409447664,0.000346465869156768,0.000382105065707002,2.79210436444445e-05,0.000469569793148919,5.57678001983844e-05,0.000192608863139734,7.11556739685432e-05,0.000399394198037679,0.00155547763519413,22.16278017,1.757074938,64.01592333,160.1470078,26.10682024,89.89234775,4.71360652,4,"rain","AG",""
"JG_CO_223_F","p_223","F","TX","Whitewright",33.492273,-96.482805,9.4,172,122,34,8001,344,-7,351,214,66,273,66,1033,147,50,31,350,181,228,181,228,0.0916268993347772,0.460461269418717,0.0136970186910751,0.0023983245727318,0.00400109365837466,5.0119853384384e-05,0.00549247594924619,7.57070395536755e-05,0.00097357136034676,0.000142910331017853,0.00446788508706404,0.0332330477216993,0.00444306913720568,0.0236023843857568,0.000987901957031188,0.000275542305307718,0.000361527807911671,2.46824540283387e-05,0.00061949650443475,4.58519464735382e-05,0.000176295359528019,6.22379856756399e-05,0.000502996860068596,0.00216877933683177,22.16278017,1.757074938,64.01592333,160.1470078,26.10682024,89.89234775,4.71360652,4,"rain","AG",""
"JG_CO_224_A","p_224","A","TX","Winnsboro",32.957825,-95.33799667,8.3,174,133,37,7769,347,-8,355,173,265,271,69,1101,128,54,21,339,217,224,244,147,0.0943329787331763,0.468680082943647,0.0131896897754464,0.00246156552734471,0.00415114705671105,4.90631343495425e-05,0.00548371089650422,8.52481942334827e-05,0.00134248572957594,0.000141852263769374,0.0044921153147897,0.0340403699524256,0.00221632389987538,0.00940492880119306,0.00061257818147857,0.000300230474599117,0.000304237340771787,2.9894240249633e-05,0.000418055256835706,4.76495415681155e-05,0.000202514123786217,5.57487160907383e-05,0.000347171065121742,0.00162750508310762,23.51066576,1.959993927,57.21544067,163.0721172,25.33820238,94.2705534,2.754270098,5,"rain","NOAG",""
"JG_CO_224_B","p_224","B","TX","Winnsboro",32.957825,-95.33799667,8.3,174,133,37,7769,347,-8,355,173,265,271,69,1101,128,54,21,339,217,224,244,147,0.0797041044203426,0.435465895873378,0.014115188981038,0.00247899898757535,0.00400455654733131,3.98850929669277e-05,0.00538563121201822,6.77137080375463e-05,0.000921874355667003,0.000142946390516406,0.0045589782198235,0.0306136135671809,0.00175731407748648,0.0047935192714652,0.000538554357804204,0.000232236647522356,0.000323210521363467,2.08959822462622e-05,0.000329042810837115,3.4074228985444e-05,0.00015889148958947,5.18856075603699e-05,0.000320965850832034,0.00164515593711727,23.51066576,1.959993927,57.21544067,163.0721172,25.33820238,94.2705534,2.754270098,5,"rain","NOAG",""
"JG_CO_224_C","p_224","C","TX","Winnsboro",32.957825,-95.33799667,8.3,174,133,37,7769,347,-8,355,173,265,271,69,1101,128,54,21,339,217,224,244,147,0.0882016187148911,0.459527599431738,0.0148137620614258,0.0026300267824607,0.00412928523208942,4.70125085770268e-05,0.00558075697041896,8.52122326952398e-05,0.00117973186937261,0.000156560571036226,0.00475806542874608,0.0320868661656235,0.00199129248956479,0.00653228193923246,0.000739324055500571,0.000269404019419656,0.000304755976080807,2.94600536708376e-05,0.000343472082094803,4.22724922172469e-05,0.000184510226423919,5.70986504219182e-05,0.000356428775278867,0.00166551749193061,23.51066576,1.959993927,57.21544067,163.0721172,25.33820238,94.2705534,2.754270098,5,"rain","NOAG",""
"JG_CO_224_E","p_224","E","TX","Winnsboro",32.957825,-95.33799667,8.3,174,133,37,7769,347,-8,355,173,265,271,69,1101,128,54,21,339,217,224,244,147,0.0863275100820898,0.445344655013363,0.0129698971600337,0.00223421776173599,0.0037396007427182,6.93362986830681e-05,0.00522267323936427,8.60555598798074e-05,0.000770270403564392,0.000143918394439844,0.00427340430089703,0.0319656076201891,0.001997193234864,0.00763088029851971,0.000538848011483951,0.000218046154222061,0.000283878013355513,2.90423958112331e-05,0.000409480632515174,4.63590793985614e-05,0.00012911170372949,4.96426851679885e-05,0.000290706685964277,0.00125340860667547,23.51066576,1.959993927,57.21544067,163.0721172,25.33820238,94.2705534,2.754270098,5,"rain","NOAG",""
"JG_CO_224_F","p_224","F","TX","Winnsboro",32.957825,-95.33799667,8.3,174,133,37,7769,347,-8,355,173,265,271,69,1101,128,54,21,339,217,224,244,147,0.0882528765437071,0.449133496511412,0.0126002013697346,0.00230063061237592,0.00377898506402848,5.74568728566527e-05,0.00515816154413514,9.12747931990659e-05,0.00100773601874997,0.000119150216743029,0.00417507508035872,0.0340631404145798,0.00182910200836841,0.00517059730706317,0.000602834227772233,0.000240537885722364,0.000320525957347456,2.86605871846402e-05,0.000356076468563492,4.28509401076071e-05,0.000162726936519646,4.36479837500374e-05,0.000304874134706681,0.0013419511213742,23.51066576,1.959993927,57.21544067,163.0721172,25.33820238,94.2705534,2.754270098,5,"rain","NOAG",""
"JG_CO_225_A","p_225","A","LA","Natchitoches",31.699395,-93.21068667,8.3,182,132,40,7070,339,12,327,86,234,269,86,1355,147,85,16,386,275,297,386,90,0.0769053211825616,0.418604645821569,0.0147771139160389,0.00282494899852276,0.00369853284823667,5.48144309897567e-05,0.00561429364868962,9.23658426187743e-05,0.000900682292609993,0.000154221018255384,0.00468966019475456,0.0352183924892113,0.00262511058865538,0.0108652536878398,0.000609209802555903,0.000326054396435951,0.00034101029484655,2.80660961059841e-05,0.000392561428440611,3.56603495632445e-05,0.000129733620550276,6.26045121409969e-05,0.00031493882935063,0.00157521506985703,21.02872103,2.755062755,50.13729114,154.7288827,22.48506853,111.8532764,0,0,"rain","NOAG",""
"JG_CO_225_D","p_225","D","LA","Natchitoches",31.699395,-93.21068667,8.3,182,132,40,7070,339,12,327,86,234,269,86,1355,147,85,16,386,275,297,386,90,0.0899214532429501,0.480428633874159,0.0169251842273054,0.00277973722080301,0.0044205819960876,4.58451919483427e-05,0.0061049417247538,0.000102382059443273,0.00104797506752429,0.000178725380634678,0.0051212025130165,0.0367216035784244,0.00214680401555247,0.00765135556902789,0.000688471021945713,0.00029454805409105,0.000362303723387553,2.33570677805541e-05,0.000471388076934185,5.18389463763919e-05,0.000156976741871525,7.53046426954078e-05,0.000373637102921302,0.00176869837605587,21.02872103,2.755062755,50.13729114,154.7288827,22.48506853,111.8532764,0,0,"rain","NOAG",""
"JG_CO_225_F","p_225","F","LA","Natchitoches",31.699395,-93.21068667,8.3,182,132,40,7070,339,12,327,86,234,269,86,1355,147,85,16,386,275,297,386,90,0.0961809607138559,0.464893179894915,0.0121236845634829,0.00269885028155176,0.00380067084440562,6.07538970217352e-05,0.00558313312204653,0.000106494592733291,0.00087308265475979,0.000134218032336217,0.00439494614358997,0.0386759787551594,0.00231242573671836,0.00675275938159785,0.000564524296786932,0.0002771579405464,0.000332903401861169,3.49531731000563e-05,0.000298136343396051,4.98931646923742e-05,0.000140382874295175,5.47999660523803e-05,0.000418543434811676,0.00145154343928812,21.02872103,2.755062755,50.13729114,154.7288827,22.48506853,111.8532764,0,0,"rain","NOAG",""
"JG_CO_229_A","p_229","A","SC","Greenville",34.868421,-82.421847,8.3,156,125,38,7386,317,-7,324,74,160,249,59,1361,151,95,12,392,295,342,358,292,0.0786353270789128,0.42634016214265,0.0150193691468029,0.00256108365759391,0.00380523155007355,5.22202710826301e-05,0.00563250107583891,7.51480596664409e-05,0.00116001258925206,0.000140523999674562,0.00450212544939653,0.0301919551722074,0.00179229467339567,0.00787611827295086,0.000567707039693028,0.000277367848167581,0.000256667791915613,2.86627074064732e-05,0.000385741587490904,4.32469590229447e-05,0.000164783030493868,5.22100682639444e-05,0.000376990294912244,0.00138493975737201,22.33466904,2.973360047,66.6113832,144.4516177,25.33253785,103.4715977,5,0,"rain","NOAG",""
"JG_CO_229_C","p_229","C","SC","Greenville",34.868421,-82.421847,8.3,156,125,38,7386,317,-7,324,74,160,249,59,1361,151,95,12,392,295,342,358,292,0.0802089554623202,0.417733473887475,0.0149600998264688,0.0027036612794277,0.00380482438192144,5.96190295712451e-05,0.00543117892608837,8.17709225150128e-05,0.000907606682356911,0.000143775600143379,0.00460377697719124,0.0329907221402867,0.0014045453457325,0.00530147209143883,0.000524376490140022,0.00026024602447862,0.000346473990005893,2.61202617691511e-05,0.0004382582390571,3.85009839215669e-05,0.000152907461692964,5.58191080999642e-05,0.00034043291810607,0.00113310524714598,22.33466904,2.973360047,66.6113832,144.4516177,25.33253785,103.4715977,5,0,"rain","NOAG",""
"JG_CO_229_D","p_229","D","SC","Greenville",34.868421,-82.421847,8.3,156,125,38,7386,317,-7,324,74,160,249,59,1361,151,95,12,392,295,342,358,292,0.0770545866506439,0.415550615931205,0.015850494401156,0.00292586848862282,0.00381189326938313,4.83300693742456e-05,0.00552134735849757,9.05991127456987e-05,0.000907764374708967,0.000142831634874202,0.00501752101367813,0.0353215282967265,0.00198692278986941,0.00648452818588574,0.000624385422024678,0.000293609506325705,0.000302654102794758,2.51902967566006e-05,0.000415395885400729,4.48844681801019e-05,0.0001168074874855,4.23263298135967e-05,0.000390727129629024,0.00134509183189894,22.33466904,2.973360047,66.6113832,144.4516177,25.33253785,103.4715977,5,0,"rain","NOAG",""
"JG_CO_229_E","p_229","E","SC","Greenville",34.868421,-82.421847,8.3,156,125,38,7386,317,-7,324,74,160,249,59,1361,151,95,12,392,295,342,358,292,0.0729889574638238,0.415571862571972,0.0156259651502518,0.00267195478995964,0.00372722439136388,6.79714613503568e-05,0.0052446419079108,8.58771446364585e-05,0.00107584386875995,0.000132304237739872,0.00479900369473601,0.0343954916297307,0.00322625494036222,0.0164406001448477,0.000880094148786731,0.000303240712228864,0.000343536809252488,3.78177590546299e-05,0.000497888412136051,3.67700690949343e-05,0.000196554048404483,5.60248127216555e-05,0.000447514060718738,0.00233147215904101,22.33466904,2.973360047,66.6113832,144.4516177,25.33253785,103.4715977,5,0,"rain","NOAG",""
"JG_CO_230_A","p_230","A","NC","Denton",35.693922,-80.005385,8.3,153,129,38,7604,319,-17,336,249,106,249,52,1142,113,76,11,324,253,324,276,172,0.0889663005784196,0.460398657968856,0.0129389447716556,0.0022866833419208,0.00391419677370291,4.96774563637255e-05,0.00520072979201973,7.76468185553323e-05,0.00107701838688061,0.000139726540799002,0.00427042201110604,0.0325398148502313,0.00200687795749435,0.00774948105634835,0.00063794729430032,0.000277768930727788,0.000348853870482362,3.17876748551745e-05,0.000468131500843035,3.57294214187458e-05,0.000135102166301052,6.15259817242332e-05,0.000302281113612629,0.00120248898978693,22.02977503,2.116747537,54.91633583,148.6462285,20.43535142,88.84969122,0.260255845,3,"rain","AG",""
"JG_CO_230_B","p_230","B","NC","Denton",35.693922,-80.005385,8.3,153,129,38,7604,319,-17,336,249,106,249,52,1142,113,76,11,324,253,324,276,172,0.0940424649284106,0.446088515012451,0.0116384091435918,0.00254041371378198,0.00383334996917813,4.91278797617709e-05,0.00520443210058765,0.000101138254032666,0.00085158618927811,0.000147266804875009,0.00418544054113544,0.0417736615077858,0.00537122009459718,0.0232009445950586,0.00097467211578485,0.000302292293506877,0.000360552156631722,3.1104381537916e-05,0.000393526165496481,4.24999254762038e-05,0.000132813359154988,4.82553840489361e-05,0.000355378779901689,0.0034458812032524,22.02977503,2.116747537,54.91633583,148.6462285,20.43535142,88.84969122,0.260255845,3,"rain","AG",""
"JG_CO_230_C","p_230","C","NC","Denton",35.693922,-80.005385,8.3,153,129,38,7604,319,-17,336,249,106,249,52,1142,113,76,11,324,253,324,276,172,0.0838702828603962,0.437655952403991,0.012314259317563,0.00236766637265363,0.00365515999267243,5.56248359906984e-05,0.00524032398274433,8.84722358808456e-05,0.000676880681733076,0.000140907829311289,0.00415203111940635,0.0316796804254646,0.00412671453646835,0.0176805699031555,0.000672269206868598,0.000236579283925245,0.000383051964620039,3.08776282260843e-05,0.000427049863898992,5.25685930682606e-05,0.00013436006629613,5.41949116142557e-05,0.000402163154789878,0.00181354621295198,22.02977503,2.116747537,54.91633583,148.6462285,20.43535142,88.84969122,0.260255845,3,"rain","AG",""
"JG_CO_230_E","p_230","E","NC","Denton",35.693922,-80.005385,8.3,153,129,38,7604,319,-17,336,249,106,249,52,1142,113,76,11,324,253,324,276,172,0.0892598889491985,0.491354807645747,0.0164320289237405,0.002622501626997,0.00449371761606739,5.37073453386639e-05,0.00568265780441354,8.66180464905605e-05,0.00153791184414432,0.000168821477362787,0.0051163836700049,0.0333145795548768,0.00165210963081748,0.00541473880981066,0.00062774376742879,0.000333234433695819,0.000377565938979512,3.61190553033711e-05,0.000344934225963121,4.11128438102534e-05,0.000208276398686189,7.32830790768555e-05,0.000447339125412089,0.001482590744382,22.02977503,2.116747537,54.91633583,148.6462285,20.43535142,88.84969122,0.260255845,3,"rain","AG",""
"JG_CO_230_F","p_230","F","NC","Denton",35.693922,-80.005385,8.3,153,129,38,7604,319,-17,336,249,106,249,52,1142,113,76,11,324,253,324,276,172,0.103580308388435,0.498029278524355,0.0116796985281546,0.00284336721077747,0.00401556400323713,5.46711424699331e-05,0.00573693495587185,0.000119175455620674,0.000970622270912306,0.000130051580175839,0.00427093719321113,0.0425935075995258,0.00252767910136504,0.0093104817729937,0.000796605518571662,0.000402484691686303,0.000376574687904632,3.34954227922057e-05,0.000481322414100349,7.00288427230043e-05,0.00016032240967418,6.2706100451361e-05,0.000358551885132499,0.00190866125209127,22.02977503,2.116747537,54.91633583,148.6462285,20.43535142,88.84969122,0.260255845,3,"rain","AG",""
"JG_CO_232_A","p_232","A","VA","Phenix",37.09258332,-78.83826203,8.3,133,132,37,8007,308,-44,352,228,46,235,27,1102,106,83,8,298,253,294,254,190,0.0921103550755609,0.46532090233775,0.0144408323971342,0.00240083914338847,0.00437353263444599,4.92439221637417e-05,0.00548396745630068,8.03805306802196e-05,0.00137395815707782,0.000157710167239387,0.00459100361870814,0.0336735038100896,0.00179101658793589,0.0043334713660682,0.000645668915095808,0.000291135221324339,0.000390258285808542,2.45868565006521e-05,0.000332388116527277,4.69419314432848e-05,0.000187141671010443,6.17486646775721e-05,0.000313853582319831,0.00126711547249464,23.89233102,3.228697285,54.47349798,149.0993645,19.38065064,89.79305676,0,3,"rain","AG",""
"JG_CO_232_B","p_232","B","VA","Phenix",37.09258332,-78.83826203,8.3,133,132,37,8007,308,-44,352,228,46,235,27,1102,106,83,8,298,253,294,254,190,0.088834301646705,0.449254590822606,0.0137280244319006,0.00232269210468863,0.00407388555508047,4.73644964991437e-05,0.00546061830637196,9.11494433441496e-05,0.00122558366166453,0.00014707358829529,0.00451423111217053,0.0308977198107249,0.00267194948839629,0.0110119538884718,0.000684119986795185,0.000249922031747466,0.000389105330029301,2.35814370102508e-05,0.000497557088806961,4.6459865346071e-05,0.000197790241294718,5.3684701879635e-05,0.000378989417781101,0.00166592514691544,23.89233102,3.228697285,54.47349798,149.0993645,19.38065064,89.79305676,0,3,"rain","AG",""
"JG_CO_232_C","p_232","C","VA","Phenix",37.09258332,-78.83826203,8.3,133,132,37,8007,308,-44,352,228,46,235,27,1102,106,83,8,298,253,294,254,190,0.0889821513180235,0.449576069275657,0.012297575767936,0.00228694800025595,0.00373846977610795,5.70919195540353e-05,0.00523496229989576,9.33097954428744e-05,0.000884916808069871,0.000138561144242359,0.00426216523211894,0.0317933035667537,0.00128043145986849,0.00364942182570365,0.00057766810217444,0.000241896670479081,0.000311861284031023,3.23059883296475e-05,0.000390942920016722,5.07623160771891e-05,0.000140713855529177,5.93380995428254e-05,0.000303683207886259,0.00109530656197793,23.89233102,3.228697285,54.47349798,149.0993645,19.38065064,89.79305676,0,3,"rain","AG",""
"JG_CO_232_F","p_232","F","VA","Phenix",37.09258332,-78.83826203,8.3,133,132,37,8007,308,-44,352,228,46,235,27,1102,106,83,8,298,253,294,254,190,0.0882952139614467,0.471734729518275,0.0163625491268408,0.00262435833158638,0.00431435882058592,4.21950515965227e-05,0.00597948126630898,7.5356162300112e-05,0.00126202716464257,0.00016131700514693,0.00507730433240246,0.030968891017426,0.00259474062910892,0.0169686217108246,0.000878932780612806,0.000330875567523536,0.000567719615765572,2.34989220884724e-05,0.000424272917146865,4.19498597201131e-05,0.000208144370049921,6.31095100996737e-05,0.000425679835515053,0.00114767543046912,23.89233102,3.228697285,54.47349798,149.0993645,19.38065064,89.79305676,0,3,"rain","AG",""
"JG_CO_235_A","p_235","A","SC","Ridgeway",34.30697686,-80.9826394,8.3,162,131,39,7260,325,-5,330,254,115,254,66,1189,128,75,17,357,240,357,292,172,0.0885300059275849,0.432991711427891,0.0129679451267259,0.00246732025229796,0.0037106870860591,5.36105299466997e-05,0.00494830223034819,6.7135994208425e-05,0.000892552732602839,0.000151400192987957,0.00424832046881416,0.0339188824265119,0.00555565344282281,0.0302317291508839,0.000871476925016593,0.000271326647098084,0.000407185090327043,3.07351073819621e-05,0.000374574663680577,3.5865331713559e-05,0.000138673272834556,6.6846697620971e-05,0.000304358207246316,0.00235639125031369,20.56878129,2.138832848,53.16274378,143.8022865,21.53705074,94.28973324,0,5,"rain","NOAG",""
"JG_CO_235_B","p_235","B","SC","Ridgeway",34.30697686,-80.9826394,8.3,162,131,39,7260,325,-5,330,254,115,254,66,1189,128,75,17,357,240,357,292,172,0.0867875117481286,0.433839038563911,0.0117589045427402,0.00227757570540754,0.00365239218682106,4.84093888670983e-05,0.00503075696108146,8.60233235653095e-05,0.000656074677820276,0.000125472488277569,0.00395536910426194,0.0322190169550261,0.00194467680691547,0.00518284797813725,0.000555553345566442,0.00025604174621752,0.0002922507614126,3.01896477908479e-05,0.000358367036269889,4.32496334433969e-05,0.000125809172668021,5.96929253681667e-05,0.00033668927197304,0.00124377958664346,20.56878129,2.138832848,53.16274378,143.8022865,21.53705074,94.28973324,0,5,"rain","NOAG",""
"JG_CO_235_C","p_235","C","SC","Ridgeway",34.30697686,-80.9826394,8.3,162,131,39,7260,325,-5,330,254,115,254,66,1189,128,75,17,357,240,357,292,172,0.0887298490449951,0.434090734304431,0.0105130250936455,0.00218079473683801,0.00348115657933052,5.28562985615572e-05,0.0049269617210876,8.12584382049365e-05,0.000584235574296021,0.000106550064108348,0.00363566676243169,0.0332507517921646,0.0021734735136586,0.00671477754607796,0.000534672805599611,0.000248166158039151,0.000365579048661753,2.53010350056658e-05,0.000353765619260866,3.97779210571511e-05,0.000109253839108051,5.0403134025277e-05,0.000276503695991161,0.00110493526885872,20.56878129,2.138832848,53.16274378,143.8022865,21.53705074,94.28973324,0,5,"rain","NOAG",""
"JG_CO_235_D","p_235","D","SC","Ridgeway",34.30697686,-80.9826394,8.3,162,131,39,7260,325,-5,330,254,115,254,66,1189,128,75,17,357,240,357,292,172,0.0928622897763174,0.439810185761657,0.0111770971417564,0.00214174650384071,0.00368146967569607,5.2685630227517e-05,0.00507231040542312,8.22886785854106e-05,0.000456237421938358,0.000125401889751287,0.00398743243852298,0.0328098041770067,0.00235139286446232,0.00970966428105799,0.000640571412912574,0.000295897561674942,0.000341252100762315,2.27022312304008e-05,0.000479464184162461,3.72702566680851e-05,0.000125106734221182,5.94442705379919e-05,0.000401780423939708,0.00125298370031478,20.56878129,2.138832848,53.16274378,143.8022865,21.53705074,94.28973324,0,5,"rain","NOAG",""
"JG_CO_235_E","p_235","E","SC","Ridgeway",34.30697686,-80.9826394,8.3,162,131,39,7260,325,-5,330,254,115,254,66,1189,128,75,17,357,240,357,292,172,0.0905453289410857,0.442560972584669,0.010414089581521,0.00223809732721879,0.00365491629112477,4.8764183302698e-05,0.00481822305046455,8.63906119478187e-05,0.000780635975252041,0.000134220669437039,0.00370357800867274,0.0350922984989017,0.00214838347973022,0.00793834541083287,0.000592040619701343,0.000184545257820692,0.000318221948010194,2.7467809377303e-05,0.00034607396394969,4.26037696966684e-05,0.00012284774825319,5.54838700938556e-05,0.000331372095065764,0.00146431109894791,20.56878129,2.138832848,53.16274378,143.8022865,21.53705074,94.28973324,0,5,"rain","NOAG",""
"JG_CO_239_A","p_239","A","GA","Macon",32.84851311,-83.58021036,8.3,178,134,41,6912,334,14,320,101,183,265,87,1159,126,61,20,353,209,311,334,106,0.0878962629972439,0.429206424156928,0.0111552070412563,0.00222610089052561,0.00363016879078409,4.60624551098529e-05,0.00477528443549413,8.28613435931967e-05,0.00098197618161357,0.000137364717106234,0.00387470479449001,0.0335809492305386,0.0021311455562677,0.00810154032354883,0.000540987348254269,0.000247926091109531,0.000285735021585373,2.78144796344552e-05,0.000396273709017404,4.44143138011659e-05,0.000172703162302392,5.44399079192257e-05,0.000278642211966051,0.00132943626707955,18.04818139,2.106518658,60.62454732,157.409778,24.09026296,94.07079343,0,0,"rain","NOAG",""
"JG_CO_239_B","p_239","B","GA","Macon",32.84851311,-83.58021036,8.3,178,134,41,6912,334,14,320,101,183,265,87,1159,126,61,20,353,209,311,334,106,0.0920362319566249,0.439686414617731,0.0112122071450005,0.00244530162340857,0.00373053780858194,6.03430453327244e-05,0.0050303586316421,8.71311776607743e-05,0.00087534106551164,0.0001350105517883,0.00395984589119595,0.0361343360513869,0.00534915762661905,0.0197623694916042,0.000669476401315487,0.000305238689645744,0.000378087651342782,3.09835995199993e-05,0.000432954494845256,4.18182944411244e-05,0.000118151128069653,5.40223127257311e-05,0.000350814092994677,0.00190732356471389,18.04818139,2.106518658,60.62454732,157.409778,24.09026296,94.07079343,0,0,"rain","NOAG",""
"JG_CO_239_C","p_239","C","GA","Macon",32.84851311,-83.58021036,8.3,178,134,41,6912,334,14,320,101,183,265,87,1159,126,61,20,353,209,311,334,106,0.0820875133560444,0.446974416749748,0.013977175788816,0.00248284577578082,0.00386772904518403,4.40107210203853e-05,0.00520574761786889,6.84366543280792e-05,0.00126289245409267,0.000156494219136214,0.00442586065613416,0.0313428930100561,0.00183116880692268,0.00570876454508008,0.000690920759816705,0.000275919197747355,0.000329406451502457,2.63087093816659e-05,0.000384205725546874,3.74525358028637e-05,0.000136498501455306,7.66254929695981e-05,0.00037728315860465,0.00116757880818417,18.04818139,2.106518658,60.62454732,157.409778,24.09026296,94.07079343,0,0,"rain","NOAG",""
"JG_CO_241_A","p_241","A","AL","Thomaston",32.253898,-87.607831,8.3,177,134,41,6984,333,11,322,100,229,264,84,1402,168,73,22,438,260,327,410,56,0.0871795207336362,0.429763868462996,0.0109593489748018,0.00229567905054164,0.0037086873383912,5.82741726262804e-05,0.00485427640658673,8.6688671492037e-05,0.00136588311315925,0.000121835091284949,0.00377690826201136,0.0354569263491617,0.00185989928421687,0.00655525859964761,0.000624685253815497,0.000259299580317217,0.000299457754257736,3.29775804006774e-05,0.000503377608740742,4.0034395720457e-05,0.000185970131284278,5.79910149444954e-05,0.000361703189364715,0.00110378330459595,26.76174086,2.309392688,52.39467646,159.6543521,23.84547346,108.0258146,1.533960532,3,"rain","AG",""
"JG_CO_241_C","p_241","C","AL","Thomaston",32.253898,-87.607831,8.3,177,134,41,6984,333,11,322,100,229,264,84,1402,168,73,22,438,260,327,410,56,0.0888531855701572,0.433651426492275,0.011403518556226,0.00233986031407691,0.00381536601367487,5.40273799565271e-05,0.00498306969924575,7.2007872101771e-05,0.000813394855568026,0.000112313042458945,0.00394556260440321,0.0354112049482391,0.00222158183771091,0.00925984557412175,0.000551086875999904,0.000262082217907994,0.000362993598249509,3.35577083503085e-05,0.000362667028189567,3.94683946292626e-05,0.000162422023896391,5.94320322097791e-05,0.000259795398145393,0.00137548761832988,26.76174086,2.309392688,52.39467646,159.6543521,23.84547346,108.0258146,1.533960532,3,"rain","AG",""
"JG_CO_241_E","p_241","E","AL","Thomaston",32.253898,-87.607831,8.3,177,134,41,6984,333,11,322,100,229,264,84,1402,168,73,22,438,260,327,410,56,0.0902945514803191,0.435198777514672,0.0113987048256301,0.00221667031931958,0.00367656912082835,4.74684598434898e-05,0.00514920349826358,9.03397612288571e-05,0.000829758507629476,0.000150070570330421,0.00385776743255038,0.03415318734909,0.00213016924145723,0.00727840383613181,0.000576951844504187,0.000207003936084373,0.000311257082363134,2.41214210371411e-05,0.000455100123677528,3.88456200762943e-05,0.00012050856865087,5.81052334326843e-05,0.000349710295947964,0.00152982159684487,26.76174086,2.309392688,52.39467646,159.6543521,23.84547346,108.0258146,1.533960532,3,"rain","AG",""
"JG_CO_241_F","p_241","F","AL","Thomaston",32.253898,-87.607831,8.3,177,134,41,6984,333,11,322,100,229,264,84,1402,168,73,22,438,260,327,410,56,0.0914724859786121,0.436212109205651,0.0107118690752627,0.00212639752841909,0.00360853870009666,5.23224706337374e-05,0.00512062230971023,9.6503165003925e-05,0.000878804060295692,0.000140263549423383,0.00384638671475229,0.0365142612165489,0.00245662644069421,0.00640769815249651,0.000363572416251115,0.000280980497583019,0.000295239107374547,2.93185841815919e-05,0.000349765240050924,4.97392289804899e-05,0.000114675761702426,5.7665451404215e-05,0.000297923300363997,0.00139892022084813,26.76174086,2.309392688,52.39467646,159.6543521,23.84547346,108.0258146,1.533960532,3,"rain","AG",""
"JG_CO_242_A","p_242","A","TN","Decatur",35.47021891,-84.82486328,8.4,144,135,39,7755,314,-32,346,57,201,240,39,1406,155,86,16,402,287,321,386,221,0.0901204295048836,0.430631780325127,0.0110918737524341,0.00218379309477404,0.00388910839587568,5.88085830590178e-05,0.00504243245452823,9.02125666821707e-05,0.000129565915768442,0.000122610739057439,0.00375466029052713,0.0339698050983809,0.00345412138758182,0.0156525084242946,0.000687850198121026,0.000249582927968748,0.000316422577684604,2.95982698869247e-05,0.000397738885300622,5.54614694984974e-05,5.76519006587096e-05,5.85704488707439e-05,0.000371993662895207,0.00194169200030977,22.67794985,2.190486726,60.54800885,154.1603245,20.62822861,110.7074115,1.490265487,5,"rain","NOAG",""
"JG_CO_242_C","p_242","C","TN","Decatur",35.47021891,-84.82486328,8.4,144,135,39,7755,314,-32,346,57,201,240,39,1406,155,86,16,402,287,321,386,221,0.0911322791037499,0.434202554267998,0.0108908196015903,0.00228916164599029,0.00362509597178606,5.1685322387114e-05,0.00503634972885276,8.51432481807421e-05,0.000779582730836205,0.000139585897156039,0.00384996530178297,0.0346110551004407,0.00227678236925931,0.00912798579955226,0.000567471692138585,0.000263050900209786,0.000339429275382246,2.98076313472243e-05,0.000425661911484905,4.17605538310374e-05,0.000165354857500371,5.57248849675202e-05,0.000319452260823491,0.00115597855016908,22.67794985,2.190486726,60.54800885,154.1603245,20.62822861,110.7074115,1.490265487,5,"rain","NOAG",""
"JG_CO_242_D","p_242","D","TN","Decatur",35.47021891,-84.82486328,8.4,144,135,39,7755,314,-32,346,57,201,240,39,1406,155,86,16,402,287,321,386,221,0.0858510845445561,0.460951693301221,0.0153238453350831,0.00261559023542823,0.00417442230228911,4.61217847032346e-05,0.00580333312068327,7.6646349733306e-05,0.00108890045450325,0.00015364248812445,0.00470982256604087,0.0318142972477563,0.00301700685196116,0.0126809602090348,0.000852038006264094,0.000309330491615732,0.000420390623207362,2.41214970778336e-05,0.000372103820199662,3.45188751090679e-05,0.000164761209865045,6.81737461446469e-05,0.00052897974960886,0.00128323656005736,22.67794985,2.190486726,60.54800885,154.1603245,20.62822861,110.7074115,1.490265487,5,"rain","NOAG",""
"JG_CO_242_E","p_242","E","TN","Decatur",35.47021891,-84.82486328,8.4,144,135,39,7755,314,-32,346,57,201,240,39,1406,155,86,16,402,287,321,386,221,0.0884913530689244,0.43128555444121,0.0110278384192427,0.00213562387633696,0.00354265997949795,5.80945721597563e-05,0.00511691683698942,8.84354550073606e-05,0.00109679003066786,0.000124866207028485,0.00383394322688381,0.0345137536748085,0.00238728718839868,0.00930455353817958,0.000535102841015679,0.000257750504965982,0.000344731599269371,2.71622718590895e-05,0.00040140970567786,5.37176956369781e-05,0.000186460240769638,5.69832037369645e-05,0.000306328080565859,0.00159029852001499,22.67794985,2.190486726,60.54800885,154.1603245,20.62822861,110.7074115,1.490265487,5,"rain","NOAG",""
"JG_CO_243_A","p_243","A","NC","Murphy",35.07170978,-83.93134286,8.4,131,144,42,7210,294,-42,336,49,138,221,35,1530,163,93,14,448,318,378,419,494,0.0875650407799848,0.431143494055697,0.0105749322493816,0.00209388811709937,0.00334149820607375,4.64567867190311e-05,0.00492870720144129,8.60105759717995e-05,0.0010613640650587,0.000126416279865347,0.00372673028634575,0.0330965599205381,0.00297597585088285,0.0123088827926228,0.000569994446717285,0.000242814008823949,0.000320377975576861,2.65825983461902e-05,0.000389766943356694,4.57845700137396e-05,0.00014463981436184,5.02435189657319e-05,0.000389475876074951,0.00143421101939802,23.72182734,3.70687102,55.7095365,143.1318673,19.34886532,118.5966052,0,3,"rain","AG",""
"JG_CO_243_B","p_243","B","NC","Murphy",35.07170978,-83.93134286,8.4,131,144,42,7210,294,-42,336,49,138,221,35,1530,163,93,14,448,318,378,419,494,0.0870792326246245,0.430373403328647,0.0101468625575037,0.00206872143372731,0.00351652918985899,4.51265050057375e-05,0.0048008393862345,7.83826311328024e-05,0.000823046732731887,0.000109303849306199,0.00361519821188146,0.0353680484884387,0.00409017694744528,0.0200476650222578,0.000883077899300849,0.000244947108571927,0.00038974772980023,2.50267742734432e-05,0.000435440361145013,5.45117910766263e-05,0.000158190341260475,5.79534439981216e-05,0.000396528376649876,0.00196914086097653,23.72182734,3.70687102,55.7095365,143.1318673,19.34886532,118.5966052,0,3,"rain","AG",""
"JG_CO_243_C","p_243","C","NC","Murphy",35.07170978,-83.93134286,8.4,131,144,42,7210,294,-42,336,49,138,221,35,1530,163,93,14,448,318,378,419,494,0.0904587717215137,0.429834514911201,0.0108870266318296,0.00224815692177589,0.0037074138574823,4.5396721732667e-05,0.00509207521177738,9.56899449130438e-05,0.000587817989371227,0.000142054505941944,0.00383952956573217,0.0371959172860578,0.00374186899939835,0.0139407137114125,0.000654480368975871,0.000274055362433723,0.000295198735259858,2.28437016819492e-05,0.000412722280783135,3.55065587536515e-05,0.000125952308567057,5.86264973906011e-05,0.00036948470940109,0.00173571800382217,23.72182734,3.70687102,55.7095365,143.1318673,19.34886532,118.5966052,0,3,"rain","AG",""
"JG_CO_243_D","p_243","D","NC","Murphy",35.07170978,-83.93134286,8.4,131,144,42,7210,294,-42,336,49,138,221,35,1530,163,93,14,448,318,378,419,494,0.0900203329867517,0.435492698539088,0.0109441578432055,0.00224985107757922,0.00379131835906195,5.3296227054139e-05,0.00495497914352929,9.22843654670435e-05,0.00107954053046312,0.000133288072315786,0.00369049461359675,0.0348695351352785,0.00250342372563019,0.00804723670616882,0.000578124821370548,0.000249079371038387,0.000305360413694696,3.26419120145716e-05,0.000422379015862084,4.27912552054207e-05,0.000183075392053161,5.71200603942731e-05,0.000295997406224759,0.00152882358732642,23.72182734,3.70687102,55.7095365,143.1318673,19.34886532,118.5966052,0,3,"rain","AG",""
"JG_CO_243_E","p_243","E","NC","Murphy",35.07170978,-83.93134286,8.4,131,144,42,7210,294,-42,336,49,138,221,35,1530,163,93,14,448,318,378,419,494,0.0895006383245411,0.433292346744245,0.0111059398298471,0.00216728245937572,0.00378452830168656,4.95969400414235e-05,0.00486729859511586,8.71746868830668e-05,0.00135467953094941,0.000134927916740871,0.00394018403944444,0.037550553912126,0.0023604153487825,0.00841854444494496,0.000560623292999624,0.000258645950885558,0.000385889120486619,2.34241009998579e-05,0.000343874329779474,4.20146768235855e-05,0.000187319037422938,5.95097879883225e-05,0.000346040010762311,0.00137042952884435,23.72182734,3.70687102,55.7095365,143.1318673,19.34886532,118.5966052,0,3,"rain","AG",""
"JG_CO_243_F","p_243","F","NC","Murphy",35.07170978,-83.93134286,8.4,131,144,42,7210,294,-42,336,49,138,221,35,1530,163,93,14,448,318,378,419,494,0.0881491198834583,0.432753503961105,0.0119542508224812,0.00224515464120794,0.00386913391698317,5.64587355665502e-05,0.00498814934142267,8.57891829729793e-05,0.00122754821601771,0.000153989824090726,0.00394152412594597,0.0354874651663439,0.00508501905265904,0.0213121120524943,0.000548569128884136,0.000272138525851395,0.000392175731050516,2.77845803320149e-05,0.000447613590674205,5.00920428235977e-05,0.000157969393525001,6.34482258666802e-05,0.000522353756493493,0.00217783611809085,23.72182734,3.70687102,55.7095365,143.1318673,19.34886532,118.5966052,0,3,"rain","AG",""
"JG_CO_244_A","p_244","A","AZ","Scottsdale",33.488043,-111.829516,10.2,214,167,45,7542,406,36,370,308,245,312,120,231,31,3,44,78,16,59,73,380,0.0901398674215097,0.491776848758072,0.0171416429849322,0.00270685198284454,0.00439887639491521,6.0998208693461e-05,0.00617736521762105,7.82227308197813e-05,0.00154955605263,0.000164457302732507,0.00527312220449157,0.0310690358184476,0.00180088212725811,0.00419764535062238,0.00099303617692104,0.000287738585601088,0.000415486920040937,3.17618041842677e-05,0.000416946358233721,3.80477413893555e-05,0.000194535917467186,7.04422945486965e-05,0.000471025786835695,0.00130623321097852,21.2492085,1.126262626,81.39341173,155.8218755,35.16571235,20.47350369,2.640660335,2,"irrigation","AG",""
"JG_CO_244_B","p_244","B","AZ","Scottsdale",33.488043,-111.829516,10.2,214,167,45,7542,406,36,370,308,245,312,120,231,31,3,44,78,16,59,73,380,0.0815714979974013,0.427966812907027,0.0128739869419837,0.00230300643984292,0.00384162893223344,4.91670394729791e-05,0.00473485900288558,6.9442633578098e-05,0.00115829476292101,0.000128339547110147,0.00421157002261847,0.0297564225416507,0.00249060480035003,0.0100025340066423,0.000608163103068105,0.000246501774746723,0.00036251165006053,2.97874456605539e-05,0.000355168229524151,3.67875560549869e-05,0.000168670464618437,5.73582172673916e-05,0.000387451765396649,0.00142408039931071,21.2492085,1.126262626,81.39341173,155.8218755,35.16571235,20.47350369,2.640660335,2,"irrigation","AG",""
"JG_CO_244_C","p_244","C","AZ","Scottsdale",33.488043,-111.829516,10.2,214,167,45,7542,406,36,370,308,245,312,120,231,31,3,44,78,16,59,73,380,0.0865396573376975,0.421876833296124,0.0116693380442667,0.00225746692895503,0.00373834103982862,4.90972035583663e-05,0.00498573289966458,8.14680468175701e-05,0.00110769746822425,0.000139924994848387,0.00391916881845072,0.0334851820204901,0.00217564146617919,0.00851420032766955,0.000569905934204379,0.000241813928999615,0.000326434168781138,2.18387570223429e-05,0.000403079468456148,5.31388082088824e-05,0.000164999248635949,5.12603050278032e-05,0.000265439499590688,0.00122051608401767,21.2492085,1.126262626,81.39341173,155.8218755,35.16571235,20.47350369,2.640660335,2,"irrigation","AG",""
"JG_CO_244_E","p_244","E","AZ","Scottsdale",33.488043,-111.829516,10.2,214,167,45,7542,406,36,370,308,245,312,120,231,31,3,44,78,16,59,73,380,0.0878720504292671,0.426944254057842,0.011376989961039,0.00222483186655739,0.00375850923001715,5.72844459032507e-05,0.00490811569401577,7.41696272841417e-05,0.000936624972675365,0.000124159688192778,0.00394647215895932,0.0354611849064099,0.00206510958990601,0.00618623401041905,0.000556279834440549,0.000260464704835825,0.000315125142655526,3.77099797425912e-05,0.000358619997996484,4.05403847086299e-05,0.000157875293369253,5.02073065188154e-05,0.000309441422515339,0.00131384064610698,21.2492085,1.126262626,81.39341173,155.8218755,35.16571235,20.47350369,2.640660335,2,"irrigation","AG",""
"JG_CO_244_F","p_244","F","AZ","Scottsdale",33.488043,-111.829516,10.2,214,167,45,7542,406,36,370,308,245,312,120,231,31,3,44,78,16,59,73,380,0.0847589847656021,0.426472201421981,0.0116973187295506,0.00224335566654939,0.0038246789667472,4.21700815924922e-05,0.00454522185684053,8.05100088340069e-05,0.00118879475351485,0.000130204447686744,0.00389316023508341,0.0350412827471072,0.00243934806014848,0.0122813152136899,0.000604041797986098,0.000205255294605842,0.000328229369930633,3.0034100357743e-05,0.000350488776468965,4.63298631391655e-05,0.000165991385460916,5.22419847781541e-05,0.000274723396478514,0.00165209158289516,21.2492085,1.126262626,81.39341173,155.8218755,35.16571235,20.47350369,2.640660335,2,"irrigation","AG",""
"JG_CO_245_A","p_245","A","AZ","Sonora",34.89795,-111.829184,13.1,148,170,46,7299,348,-21,369,239,178,244,59,478,59,10,36,154,55,120,136,1360,0.0881302631629322,0.426587410006474,0.0113669733763574,0.00235157923187679,0.00377856195776551,5.00706893527596e-05,0.00485273966353058,9.92739338959444e-05,0.000812270522424359,0.000143458335638387,0.00394978576259355,0.0349156681949706,0.00448880129827736,0.0187479281808667,0.000787161043157124,0.00029264266698544,0.000390909003341581,2.73082426169083e-05,0.000410268237706011,5.04432379218653e-05,0.000161561794011973,5.58807992130364e-05,0.000504790530990052,0.00206809817884304,23.56195773,1.754171301,75.59206526,152.8375232,27.97139748,34.37638116,0,0,"rain","NOAG","Located in river wash"
"JG_CO_245_B","p_245","B","AZ","Sonora",34.89795,-111.829184,13.1,148,170,46,7299,348,-21,369,239,178,244,59,478,59,10,36,154,55,120,136,1360,0.085155844306279,0.417957353210757,0.0116386791762036,0.00230205173426621,0.00363768617320175,6.00654758936005e-05,0.00492293372645785,8.30667837619876e-05,0.000869405741597417,0.000126202311666527,0.00409358388139139,0.0331370644685959,0.00230258092153535,0.00749697828716601,0.00048131207614569,0.000216393016817829,0.000314938141132524,2.53607826662565e-05,0.000374309171550133,4.06257455613699e-05,0.000113849810643096,5.13047127553812e-05,0.000332601629673159,0.00142591957135968,23.56195773,1.754171301,75.59206526,152.8375232,27.97139748,34.37638116,0,0,"rain","NOAG","Located in river wash"
"JG_CO_245_E","p_245","E","AZ","Sonora",34.89795,-111.829184,13.1,148,170,46,7299,348,-21,369,239,178,244,59,478,59,10,36,154,55,120,136,1360,0.0839951446181832,0.440103533213344,0.0137438400549412,0.00269689179741021,0.00383059615393799,6.15703625997481e-05,0.00528848154011389,8.71070032738807e-05,0.000901341934318331,0.000146959897517329,0.00444665124334302,0.0355077172964658,0.00188456129061656,0.00710627295709737,0.000544220098206822,0.000268164718834059,0.000358327617700471,3.75480365871047e-05,0.00042582783776354,4.10407263178847e-05,0.000125860458175258,5.78265611295494e-05,0.000341692525761332,0.00122730326979673,23.56195773,1.754171301,75.59206526,152.8375232,27.97139748,34.37638116,0,0,"rain","NOAG","Located in river wash"
"JG_CO_246_A1","p_246","A1","AZ","Tucson",31.85564,-110.97971,10.2,190,173,49,6850,369,16,353,274,222,279,106,344,81,4,79,189,20,158,72,872,0.076347615715936,0.426124456372724,0.0153223756033383,0.00284692783391,0.00377735769976491,5.19054436084059e-05,0.00550342035067571,8.19026645539829e-05,0.000826322515033356,0.000154057069183409,0.00488104313088393,0.0345590957854314,0.00139108206228879,0.00549941021893698,0.000690333789458247,0.000351396774110295,0.000324008379026649,2.88654717757139e-05,0.0004245807285668,3.97724218941566e-05,0.000136649838754996,7.32538732353577e-05,0.000300940157665353,0.00133492730682901,21.55291494,1.426626673,77.90770651,150.6716659,33.73451623,26.3613098,0.842178126,0,"rain","NOAG","Located in river wash, tree plantation (almonds?? Near)"
"JG_CO_246_B","p_246","B","AZ","Tucson",31.85564,-110.97971,10.2,190,173,49,6850,369,16,353,274,222,279,106,344,81,4,79,189,20,158,72,872,0.0752395239629991,0.427567243562995,0.0148372806358886,0.00274887192148924,0.0035354436460251,4.52021522649162e-05,0.00541608721199796,8.37539372766327e-05,0.000861570901852357,0.000136585022548882,0.00476966600192674,0.0350907700217088,0.00191133500791405,0.0106196864035127,0.000646136251435925,0.000226923763933594,0.000303342506806764,2.42926619048288e-05,0.000364142963637206,4.62775308448704e-05,0.000138270980637878,5.47443609017288e-05,0.000345887815751926,0.00165016263189789,21.55291494,1.426626673,77.90770651,150.6716659,33.73451623,26.3613098,0.842178126,0,"rain","NOAG","Located in river wash, tree plantation (almonds?? Near)"
"JG_CO_246_C2","p_246","C2","AZ","Tucson",31.85564,-110.97971,10.2,190,173,49,6850,369,16,353,274,222,279,106,344,81,4,79,189,20,158,72,872,0.0881830582739963,0.474160358058301,0.0145618220041944,0.00267704744355331,0.00413344245067718,5.58282641848902e-05,0.00582057568046206,8.84429106946771e-05,0.00121080001252182,0.00015058105097222,0.00485362218287014,0.0333934038601482,0.00172492723231551,0.00457283569122181,0.000769316630722665,0.000291074272968771,0.000338482934256473,3.07489210500836e-05,0.000423936617363676,5.04699816291899e-05,0.00019170942047427,5.29539915397225e-05,0.000436790581083978,0.0014322569381748,21.55291494,1.426626673,77.90770651,150.6716659,33.73451623,26.3613098,0.842178126,0,"rain","NOAG","Located in river wash, tree plantation (almonds?? Near)"
